ID,Description,setSize,enrichmentScore,NES,pvalue,p.adjust,qvalue,rank,leading_edge,core_enrichment,Gene,Category
GO:0007051,spindle organization,5,-0.890532544,-2.4416701,0.000344827586,0.000344827586,0.167861514,43,"tags=100%, list=13%, signal=89%",CDC20/AURKA/PRC1/NEK2,"CDC20, AURKA, PRC1, NEK2",Biological Process
GO:0007052,mitotic spindle organization,5,-0.890532544,-2.4416701,0.000344827586,0.000344827586,0.167861514,43,"tags=100%, list=13%, signal=89%",CDC20/AURKA/PRC1/NEK2,"CDC20, AURKA, PRC1, NEK2",Biological Process
GO:0033044,regulation of chromosome organization,7,-0.735119048,-2.385884877,0.000395726157,0.000395726157,0.167861514,97,"tags=100%, list=28%, signal=73%",UBE2C/CDK1/CCNB1/CDC20/TOP2A/NEK2,"UBE2C, CDK1, CCNB1, CDC20, TOP2A, NEK2",Biological Process
GO:0000070,mitotic sister chromatid segregation,8,-0.707462687,-2.446402223,0.0004199916,0.0004199916,0.167861514,107,"tags=100%, list=31%, signal=70%",ZWINT/UBE2C/CDK1/CCNB1/CDC20/PRC1/NEK2,"ZWINT, UBE2C, CDK1, CCNB1, CDC20, PRC1, NEK2",Biological Process
GO:0000819,sister chromatid segregation,9,-0.709580838,-2.601472051,0.000451059991,0.000451059991,0.167861514,107,"tags=100%, list=31%, signal=71%",ZWINT/UBE2C/CDK1/CCNB1/CDC20/PRC1/TOP2A/NEK2,"ZWINT, UBE2C, CDK1, CCNB1, CDC20, PRC1, TOP2A, NEK2",Biological Process
GO:0098813,nuclear chromosome segregation,10,-0.711711712,-2.765359747,0.000474608448,0.000474608448,0.167861514,107,"tags=100%, list=31%, signal=71%",ZWINT/UBE2C/CDK1/CCNB1/CDC20/AURKA/PRC1/TOP2A/NEK2,"ZWINT, UBE2C, CDK1, CCNB1, CDC20, AURKA, PRC1, TOP2A, NEK2",Biological Process
GO:0051225,spindle assembly,4,-0.90560472,-2.236088731,0.000637551801,0.000637551801,0.193278862,37,"tags=100%, list=11%, signal=90%",AURKA/PRC1/NEK2,"AURKA, PRC1, NEK2",Biological Process
GO:0072359,circulatory system development,66,0.356598624,1.920747245,0.0009180863,0.0009180863,0.243534471,100,"tags=48%, list=29%, signal=43%",C3/CALD1/DCN/COL1A2/COL3A1/SAT1/TPM1/GJA1/FN1/SPARC/HEG1/CXADR/SFRP1/SULF1/PTGIS/PDGFRA/SEMA3C/FHL2/CDH11/LIPA/DSP/SOX4/RGS4/GPNMB/BASP1/CPE/VCAM1/FBN1/ANXA3/TGFBI/PXDN/CAV1,"C3, CALD1, DCN, COL1A2, COL3A1, SAT1, TPM1, GJA1, FN1, SPARC, HEG1, CXADR, SFRP1, SULF1, PTGIS, PDGFRA, SEMA3C, FHL2, CDH11, LIPA, DSP, SOX4, RGS4, GPNMB, BASP1, CPE, VCAM1, FBN1, ANXA3, TGFBI, PXDN, CAV1",Biological Process
GO:0007088,regulation of mitotic nuclear division,8,-0.671641791,-2.322533756,0.0012599748,0.0012599748,0.267379916,119,"tags=100%, list=35%, signal=67%",NUSAP1/ZWINT/UBE2C/CCNB1/CDC20/AURKA/NEK2,"NUSAP1, ZWINT, UBE2C, CCNB1, CDC20, AURKA, NEK2",Biological Process
GO:0051783,regulation of nuclear division,8,-0.671641791,-2.322533756,0.0012599748,0.0012599748,0.267379916,119,"tags=100%, list=35%, signal=67%",NUSAP1/ZWINT/UBE2C/CCNB1/CDC20/AURKA/NEK2,"NUSAP1, ZWINT, UBE2C, CCNB1, CDC20, AURKA, NEK2",Biological Process
GO:0042391,regulation of membrane potential,8,0.665631509,1.980866091,0.00144338013,0.00144338013,0.278454962,100,"tags=88%, list=29%, signal=63%",DCN/GJA1/CXADR/LIPA/DSP/RGS4/CAV1,"DCN, GJA1, CXADR, LIPA, DSP, RGS4, CAV1",Biological Process
GO:0007507,heart development,32,0.421306785,1.946183542,0.00193423598,0.00193423598,0.312349906,90,"tags=53%, list=26%, signal=43%",COL3A1/TPM1/GJA1/FN1/HEG1/CXADR/PDGFRA/SEMA3C/FHL2/CDH11/DSP/SOX4/RGS4/BASP1/CPE/VCAM1/FBN1,"COL3A1, TPM1, GJA1, FN1, HEG1, CXADR, PDGFRA, SEMA3C, FHL2, CDH11, DSP, SOX4, RGS4, BASP1, CPE, VCAM1, FBN1",Biological Process
GO:0044282,small molecule catabolic process,7,-0.660714286,-2.144398553,0.00197863079,0.00197863079,0.312349906,122,"tags=100%, list=36%, signal=66%",PFKP/APOE/AKR1C3/PCK1/KYNU/TDO2,"PFKP, APOE, AKR1C3, PCK1, KYNU, TDO2",Biological Process
GO:0090307,mitotic spindle assembly,3,-0.902941176,-1.922494911,0.00206064174,0.00206064174,0.312349906,37,"tags=100%, list=11%, signal=90%",PRC1/NEK2,"PRC1, NEK2",Biological Process
GO:0051276,chromosome organization,10,-0.552838927,-2.148058675,0.00237304224,0.00237304224,0.334084582,107,"tags=90%, list=31%, signal=64%",NUSAP1/ZWINT/UBE2C/CDK1/CCNB1/CDC20/PRC1/TOP2A/NEK2,"NUSAP1, ZWINT, UBE2C, CDK1, CCNB1, CDC20, PRC1, TOP2A, NEK2",Biological Process
GO:0007059,chromosome segregation,11,-0.537491619,-2.175727241,0.00251889169,0.00251889169,0.334084582,107,"tags=91%, list=31%, signal=65%",NUSAP1/ZWINT/UBE2C/CDK1/CCNB1/CDC20/AURKA/PRC1/TOP2A/NEK2,"NUSAP1, ZWINT, UBE2C, CDK1, CCNB1, CDC20, AURKA, PRC1, TOP2A, NEK2",Biological Process
GO:0009653,anatomical structure morphogenesis,112,0.3047622,1.760499533,0.00362574277,0.00362574277,0.422327954,100,"tags=42%, list=29%, signal=44%",C3/CALD1/DCN/EFEMP1/COL1A2/COL3A1/SAT1/TPM1/GJA1/FN1/TM4SF1/SPARC/PMP22/NFIB/KRT19/HEG1/PALLD/SFRP1/SULF1/PTGIS/SGK1/PDGFRA/SEMA3C/FHL2/IGFBP5/TPBG/PODXL/CDH11/NR3C1/MEIS2/MET/COL6A1/LIPA/DSP/SOX4/SERPINE2/GPNMB/FAT1/BASP1/CPE/FBN1/SPINT2/ANXA3/TGFBI/CDH1/PXDN/CAV1,"C3, CALD1, DCN, EFEMP1, COL1A2, COL3A1, SAT1, TPM1, GJA1, FN1, TM4SF1, SPARC, PMP22, NFIB, KRT19, HEG1, PALLD, SFRP1, SULF1, PTGIS, SGK1, PDGFRA, SEMA3C, FHL2, IGFBP5, TPBG, PODXL, CDH11, NR3C1, MEIS2, MET, COL6A1, LIPA, DSP, SOX4, SERPINE2, GPNMB, FAT1, BASP1, CPE, FBN1, SPINT2, ANXA3, TGFBI, CDH1, PXDN, CAV1",Biological Process
GO:0000280,nuclear division,15,-0.454783518,-2.149103263,0.00381194409,0.00381194409,0.422327954,119,"tags=87%, list=35%, signal=59%",IGF1/NUSAP1/ZWINT/CKS2/UBE2C/CDK1/CCNB1/CDC20/CCNA1/AURKA/PRC1/TOP2A/NEK2,"IGF1, NUSAP1, ZWINT, CKS2, UBE2C, CDK1, CCNB1, CDC20, CCNA1, AURKA, PRC1, TOP2A, NEK2",Biological Process
GO:0003013,circulatory system process,21,0.454568126,1.863830332,0.00396062012,0.00396062012,0.422327954,125,"tags=71%, list=36%, signal=48%",COL1A2/TPM1/GJA1/SERPING1/HEG1/CXADR/SGK1/DSP/RGS4/MYOF/PTGS1/CAV1/AKAP12/ACTA2/RGS2,"COL1A2, TPM1, GJA1, SERPING1, HEG1, CXADR, SGK1, DSP, RGS4, MYOF, PTGS1, CAV1, AKAP12, ACTA2, RGS2",Biological Process
GO:0007566,embryo implantation,4,0.77999978,1.804428412,0.00451302955,0.00451302955,0.422327954,16,"tags=75%, list=5%, signal=72%",IGFBP7/GJA1/TIMP1,"IGFBP7, GJA1, TIMP1",Biological Process
GO:0048513,animal organ development,117,0.296824087,1.720800804,0.00493305144,0.00493305144,0.422327954,125,"tags=48%, list=36%, signal=47%",DCN/EFEMP1/COL1A2/COL3A1/TPM1/HTRA1/GJA1/TIMP1/FN1/NFIB/KRT19/HEG1/PALLD/CXADR/SFRP1/SULF1/SRGN/PDGFRA/PLS3/RARRES2/SEMA3C/FHL2/IGFBP5/PODXL/CDH11/NR3C1/MEIS2/MET/LIPA/DSP/SOX4/RGS4/SERPINE2/CTSB/CHRDL1/FAT1/BASP1/CPE/COL6A3/VCAM1/FBN1/SPINT2/ANXA3/TGFBI/CDH1/PXDN/CAV1/A2M/ESR1/SFN/CADM1/ACTA2/KRT8/CTSK/ASS1/MGP/RGS2,"DCN, EFEMP1, COL1A2, COL3A1, TPM1, HTRA1, GJA1, TIMP1, FN1, NFIB, KRT19, HEG1, PALLD, CXADR, SFRP1, SULF1, SRGN, PDGFRA, PLS3, RARRES2, SEMA3C, FHL2, IGFBP5, PODXL, CDH11, NR3C1, MEIS2, MET, LIPA, DSP, SOX4, RGS4, SERPINE2, CTSB, CHRDL1, FAT1, BASP1, CPE, COL6A3, VCAM1, FBN1, SPINT2, ANXA3, TGFBI, CDH1, PXDN, CAV1, A2M, ESR1, SFN, CADM1, ACTA2, KRT8, CTSK, ASS1, MGP, RGS2",Biological Process
GO:0007275,multicellular organism development,161,0.288993483,1.705430785,0.00512820513,0.00512820513,0.422327954,129,"tags=46%, list=38%, signal=55%",C3/CALD1/DCN/EFEMP1/COL1A2/IGFBP7/COL3A1/SAT1/TPM1/GJA1/TIMP1/FN1/TM4SF1/FSTL1/SPARC/PMP22/NFIB/KRT19/HEG1/PALLD/CXADR/SFRP1/SULF1/SRGN/PTGIS/SGK1/PDGFRA/PLS3/RARRES2/SEMA3C/FHL2/IGFBP5/TPBG/PODXL/CDH11/NR3C1/MEIS2/MET/COL6A1/LIPA/LAMA4/DSP/SOX4/RGS4/SERPINE2/GPNMB/CHRDL1/FAT1/BASP1/CPE/VCAM1/FBN1/SPINT2/ANXA3/TGFBI/CDH1/PXDN/CAV1/A2M/ESR1/SFN/DPYSL3/S100A6/S100A8/HLA-DRA/CADM1/BEX1/ACTA2/KRT8/CTSK/ASS1/MGP/RGS2/BHLHE41/CD74,"C3, CALD1, DCN, EFEMP1, COL1A2, IGFBP7, COL3A1, SAT1, TPM1, GJA1, TIMP1, FN1, TM4SF1, FSTL1, SPARC, PMP22, NFIB, KRT19, HEG1, PALLD, CXADR, SFRP1, SULF1, SRGN, PTGIS, SGK1, PDGFRA, PLS3, RARRES2, SEMA3C, FHL2, IGFBP5, TPBG, PODXL, CDH11, NR3C1, MEIS2, MET, COL6A1, LIPA, LAMA4, DSP, SOX4, RGS4, SERPINE2, GPNMB, CHRDL1, FAT1, BASP1, CPE, VCAM1, FBN1, SPINT2, ANXA3, TGFBI, CDH1, PXDN, CAV1, A2M, ESR1, SFN, DPYSL3, S100A6, S100A8, HLA-DRA, CADM1, BEX1, ACTA2, KRT8, CTSK, ASS1, MGP, RGS2, BHLHE41, CD74",Biological Process
GO:0071417,cellular response to organonitrogen compound,28,0.410234327,1.833325267,0.00513324596,0.00513324596,0.422327954,100,"tags=57%, list=29%, signal=44%",COL1A2/COL3A1/GJA1/SFRP1/PDGFRA/RARRES2/RAB31/IGFBP5/COL6A1/RGS4/NSG1/VCAM1/AQP9/FBN1/CDH1/CAV1,"COL1A2, COL3A1, GJA1, SFRP1, PDGFRA, RARRES2, RAB31, IGFBP5, COL6A1, RGS4, NSG1, VCAM1, AQP9, FBN1, CDH1, CAV1",Biological Process
GO:0090068,positive regulation of cell cycle process,10,-0.528906128,-2.055067651,0.00522069293,0.00522069293,0.422327954,119,"tags=90%, list=35%, signal=61%",IGF1/NUSAP1/CCND1/UBE2C/RRM2/CDK1/CCNB1/CDC20/AURKA,"IGF1, NUSAP1, CCND1, UBE2C, RRM2, CDK1, CCNB1, CDC20, AURKA",Biological Process
GO:0014706,striated muscle tissue development,17,0.478528048,1.838787331,0.00546384562,0.00546384562,0.422327954,67,"tags=53%, list=20%, signal=45%",TPM1/GJA1/HEG1/CXADR/PDGFRA/SEMA3C/FHL2/DSP/RGS4,"TPM1, GJA1, HEG1, CXADR, PDGFRA, SEMA3C, FHL2, DSP, RGS4",Biological Process
GO:0033045,regulation of sister chromatid segregation,5,-0.730769231,-2.003629617,0.00551724138,0.00551724138,0.422327954,97,"tags=100%, list=28%, signal=73%",UBE2C/CDK1/CCNB1/CDC20,"UBE2C, CDK1, CCNB1, CDC20",Biological Process
GO:0051983,regulation of chromosome segregation,5,-0.730769231,-2.003629617,0.00551724138,0.00551724138,0.422327954,97,"tags=100%, list=28%, signal=73%",UBE2C/CDK1/CCNB1/CDC20,"UBE2C, CDK1, CCNB1, CDC20",Biological Process
GO:0048468,cell development,81,0.31465667,1.746991748,0.00557922499,0.00557922499,0.422327954,129,"tags=52%, list=38%, signal=43%",C3/TPM1/FN1/PMP22/NFIB/KRT19/HEG1/PALLD/CXADR/SFRP1/SULF1/LGALS1/SGK1/PDGFRA/SEMA3C/FHL2/TPBG/PODXL/CDH11/NR3C1/MEIS2/MET/LIPA/SOX4/RGS4/SERPINE2/FAT1/VCAM1/FBN1/SPINT2/CDH1/ESR1/SFN/DPYSL3/S100A6/S100A8/HLA-DRA/ACTA2/KRT8/CTSK/RGS2/BHLHE41/CD74,"C3, TPM1, FN1, PMP22, NFIB, KRT19, HEG1, PALLD, CXADR, SFRP1, SULF1, LGALS1, SGK1, PDGFRA, SEMA3C, FHL2, TPBG, PODXL, CDH11, NR3C1, MEIS2, MET, LIPA, SOX4, RGS4, SERPINE2, FAT1, VCAM1, FBN1, SPINT2, CDH1, ESR1, SFN, DPYSL3, S100A6, S100A8, HLA-DRA, ACTA2, KRT8, CTSK, RGS2, BHLHE41, CD74",Biological Process
GO:0002244,hematopoietic progenitor cell differentiation,5,0.732722815,1.838427858,0.0057713964,0.0057713964,0.422327954,66,"tags=80%, list=19%, signal=66%",SFRP1/PDGFRA/LIPA/SOX4,"SFRP1, PDGFRA, LIPA, SOX4",Biological Process
GO:0003205,cardiac chamber development,9,0.590778892,1.832304953,0.00693641618,0.00693641618,0.473065513,84,"tags=78%, list=24%, signal=60%",TPM1/HEG1/SEMA3C/FHL2/DSP/SOX4/CPE,"TPM1, HEG1, SEMA3C, FHL2, DSP, SOX4, CPE",Biological Process
GO:0003206,cardiac chamber morphogenesis,9,0.590778892,1.832304953,0.00693641618,0.00693641618,0.473065513,84,"tags=78%, list=24%, signal=60%",TPM1/HEG1/SEMA3C/FHL2/DSP/SOX4/CPE,"TPM1, HEG1, SEMA3C, FHL2, DSP, SOX4, CPE",Biological Process
GO:0048856,anatomical structure development,177,0.282439281,1.667816728,0.00713352758,0.00713352758,0.473065513,132,"tags=46%, list=38%, signal=59%",C3/CALD1/DCN/EFEMP1/COL1A2/IGFBP7/COL3A1/SAT1/TPM1/HTRA1/GJA1/TIMP1/FN1/TM4SF1/FSTL1/SPARCL1/SPARC/PMP22/NFIB/KRT19/HEG1/PALLD/CXADR/SFRP1/SULF1/SRGN/PTGIS/LGALS1/SGK1/PDGFRA/PLS3/RARRES2/SEMA3C/FHL2/IGFBP5/TPBG/PODXL/CDH11/NR3C1/MEIS2/MET/COL6A1/LIPA/LAMA4/DSP/SOX4/RGS4/SERPINE2/CTSB/GPNMB/CHRDL1/FAT1/BASP1/CPE/COL6A3/VCAM1/FBN1/SPINT2/ANXA3/TGFBI/CDH1/PXDN/CAV1/A2M/ESR1/SFN/DPYSL3/S100A6/S100A8/HLA-DRA/CADM1/BEX1/ACTA2/KRT8/CTSK/ASS1/MGP/RGS2/BHLHE41/CD74/UPK1B/MYLK,"C3, CALD1, DCN, EFEMP1, COL1A2, IGFBP7, COL3A1, SAT1, TPM1, HTRA1, GJA1, TIMP1, FN1, TM4SF1, FSTL1, SPARCL1, SPARC, PMP22, NFIB, KRT19, HEG1, PALLD, CXADR, SFRP1, SULF1, SRGN, PTGIS, LGALS1, SGK1, PDGFRA, PLS3, RARRES2, SEMA3C, FHL2, IGFBP5, TPBG, PODXL, CDH11, NR3C1, MEIS2, MET, COL6A1, LIPA, LAMA4, DSP, SOX4, RGS4, SERPINE2, CTSB, GPNMB, CHRDL1, FAT1, BASP1, CPE, COL6A3, VCAM1, FBN1, SPINT2, ANXA3, TGFBI, CDH1, PXDN, CAV1, A2M, ESR1, SFN, DPYSL3, S100A6, S100A8, HLA-DRA, CADM1, BEX1, ACTA2, KRT8, CTSK, ASS1, MGP, RGS2, BHLHE41, CD74, UPK1B, MYLK",Biological Process
GO:0035295,tube development,62,0.325855503,1.73616833,0.00746803069,0.00746803069,0.474695947,100,"tags=46%, list=29%, signal=40%",C3/CALD1/DCN/COL3A1/SAT1/FN1/SPARC/NFIB/HEG1/SFRP1/SULF1/PTGIS/PDGFRA/RARRES2/SEMA3C/IGFBP5/PODXL/NR3C1/MET/LIPA/SOX4/SERPINE2/GPNMB/BASP1/SPINT2/ANXA3/TGFBI/PXDN/CAV1,"C3, CALD1, DCN, COL3A1, SAT1, FN1, SPARC, NFIB, HEG1, SFRP1, SULF1, PTGIS, PDGFRA, RARRES2, SEMA3C, IGFBP5, PODXL, NR3C1, MET, LIPA, SOX4, SERPINE2, GPNMB, BASP1, SPINT2, ANXA3, TGFBI, PXDN, CAV1",Biological Process
GO:0002521,leukocyte differentiation,12,0.52866836,1.810622746,0.00760549558,0.00760549558,0.474695947,129,"tags=83%, list=38%, signal=54%",SFRP1/LGALS1/NR3C1/LIPA/SOX4/VCAM1/FBN1/HLA-DRA/CTSK/CD74,"SFRP1, LGALS1, NR3C1, LIPA, SOX4, VCAM1, FBN1, HLA-DRA, CTSK, CD74",Biological Process
GO:0008015,blood circulation,20,0.440584556,1.781593434,0.00806360023,0.00806360023,0.488908814,125,"tags=70%, list=36%, signal=47%",COL1A2/TPM1/GJA1/SERPING1/CXADR/SGK1/DSP/RGS4/MYOF/PTGS1/CAV1/AKAP12/ACTA2/RGS2,"COL1A2, TPM1, GJA1, SERPING1, CXADR, SGK1, DSP, RGS4, MYOF, PTGS1, CAV1, AKAP12, ACTA2, RGS2",Biological Process
GO:0048738,cardiac muscle tissue development,14,0.498894765,1.794918693,0.00840739851,0.00840739851,0.491194628,67,"tags=57%, list=20%, signal=48%",TPM1/GJA1/HEG1/CXADR/PDGFRA/FHL2/DSP/RGS4,"TPM1, GJA1, HEG1, CXADR, PDGFRA, FHL2, DSP, RGS4",Biological Process
GO:0140014,mitotic nuclear division,11,-0.49903948,-2.020075762,0.00856423174,0.00856423174,0.491194628,119,"tags=91%, list=35%, signal=61%",IGF1/NUSAP1/ZWINT/UBE2C/CDK1/CCNB1/CDC20/AURKA/PRC1/NEK2,"IGF1, NUSAP1, ZWINT, UBE2C, CDK1, CCNB1, CDC20, AURKA, PRC1, NEK2",Biological Process
GO:0030029,actin filament-based process,29,0.392137708,1.765063931,0.00892857143,0.00892857143,0.498614958,121,"tags=60%, list=35%, signal=43%",CALD1/TPM1/GJA1/KRT19/PALLD/CXADR/SFRP1/PDGFRA/PLS3/MET/DSP/RGS4/TPM2/FAT1/CAV1/DPYSL3/ACTA2/KRT8,"CALD1, TPM1, GJA1, KRT19, PALLD, CXADR, SFRP1, PDGFRA, PLS3, MET, DSP, RGS4, TPM2, FAT1, CAV1, DPYSL3, ACTA2, KRT8",Biological Process
GO:0048646,anatomical structure formation involved in morphogenesis,65,0.317468419,1.70812627,0.00937149842,0.00937149842,0.499039684,52,"tags=32%, list=15%, signal=34%",C3/CALD1/DCN/COL3A1/SAT1/TPM1/GJA1/FN1/TM4SF1/SPARC/PMP22/NFIB/KRT19/SFRP1/SULF1/PTGIS/PDGFRA/SEMA3C/FHL2/PODXL/CDH11,"C3, CALD1, DCN, COL3A1, SAT1, TPM1, GJA1, FN1, TM4SF1, SPARC, PMP22, NFIB, KRT19, SFRP1, SULF1, PTGIS, PDGFRA, SEMA3C, FHL2, PODXL, CDH11",Biological Process
GO:1903131,mononuclear cell differentiation,9,0.576270876,1.787308237,0.0102761721,0.0102761721,0.499039684,129,"tags=89%, list=38%, signal=57%",SFRP1/LGALS1/LIPA/SOX4/VCAM1/HLA-DRA/CTSK/CD74,"SFRP1, LGALS1, LIPA, SOX4, VCAM1, HLA-DRA, CTSK, CD74",Biological Process
GO:0032989,cellular component morphogenesis,26,0.399058812,1.743184739,0.0109066872,0.0109066872,0.499039684,52,"tags=42%, list=15%, signal=39%",TPM1/FN1/PMP22/NFIB/KRT19/PALLD/SGK1/PDGFRA/SEMA3C/TPBG/CDH11,"TPM1, FN1, PMP22, NFIB, KRT19, PALLD, SGK1, PDGFRA, SEMA3C, TPBG, CDH11",Biological Process
GO:0009791,post-embryonic development,4,0.746312684,1.726497682,0.0113553647,0.0113553647,0.499039684,90,"tags=100%, list=26%, signal=75%",EFEMP1/HEG1/SEMA3C/FBN1,"EFEMP1, HEG1, SEMA3C, FBN1",Biological Process
GO:0031016,pancreas development,3,0.814705882,1.694050619,0.0120955549,0.0120955549,0.499039684,66,"tags=100%, list=19%, signal=81%",MEIS2/MET/SOX4,"MEIS2, MET, SOX4",Biological Process
GO:0060537,muscle tissue development,23,0.412740304,1.74213851,0.0126059795,0.0126059795,0.499039684,67,"tags=48%, list=20%, signal=41%",COL3A1/TPM1/GJA1/HEG1/CXADR/PDGFRA/SEMA3C/FHL2/IGFBP5/DSP/RGS4,"COL3A1, TPM1, GJA1, HEG1, CXADR, PDGFRA, SEMA3C, FHL2, IGFBP5, DSP, RGS4",Biological Process
GO:0043534,blood vessel endothelial cell migration,5,-0.671597633,-1.841392401,0.0131034483,0.0131034483,0.499039684,117,"tags=100%, list=34%, signal=67%",ID1/THBS1/APOE/APOA1,"ID1, THBS1, APOE, APOA1",Biological Process
GO:0090497,mesenchymal cell migration,4,0.738124066,1.707554374,0.0132479255,0.0132479255,0.499039684,50,"tags=75%, list=15%, signal=65%",FN1/SEMA3C/TPBG,"FN1, SEMA3C, TPBG",Biological Process
GO:0045840,positive regulation of mitotic nuclear division,5,-0.665680473,-1.82516868,0.0134482759,0.0134482759,0.499039684,119,"tags=100%, list=35%, signal=66%",NUSAP1/UBE2C/CDC20/AURKA,"NUSAP1, UBE2C, CDC20, AURKA",Biological Process
GO:0051785,positive regulation of nuclear division,5,-0.665680473,-1.82516868,0.0134482759,0.0134482759,0.499039684,119,"tags=100%, list=35%, signal=66%",NUSAP1/UBE2C/CDC20/AURKA,"NUSAP1, UBE2C, CDC20, AURKA",Biological Process
GO:0007015,actin filament organization,14,0.482658371,1.736503554,0.0134518376,0.0134518376,0.499039684,155,"tags=86%, list=45%, signal=49%",CALD1/TPM1/SFRP1/PLS3/MET/RGS4/TPM2/FAT1/DPYSL3/TACSTD2/CXCL12/TMOD1,"CALD1, TPM1, SFRP1, PLS3, MET, RGS4, TPM2, FAT1, DPYSL3, TACSTD2, CXCL12, TMOD1",Biological Process
GO:0007224,smoothened signaling pathway,3,0.805882353,1.675703501,0.0140610826,0.0140610826,0.499039684,69,"tags=100%, list=20%, signal=81%",GAS1/SFRP1/SERPINE2,"GAS1, SFRP1, SERPINE2",Biological Process
GO:0008589,regulation of smoothened signaling pathway,3,0.805882353,1.675703501,0.0140610826,0.0140610826,0.499039684,69,"tags=100%, list=20%, signal=81%",GAS1/SFRP1/SERPINE2,"GAS1, SFRP1, SERPINE2",Biological Process
GO:0007091,metaphase/anaphase transition of mitotic cell cycle,4,-0.728613569,-1.799068132,0.0143449155,0.0143449155,0.499039684,97,"tags=100%, list=28%, signal=73%",UBE2C/CCNB1/CDC20,"UBE2C, CCNB1, CDC20",Biological Process
GO:0010965,regulation of mitotic sister chromatid separation,4,-0.728613569,-1.799068132,0.0143449155,0.0143449155,0.499039684,97,"tags=100%, list=28%, signal=73%",UBE2C/CCNB1/CDC20,"UBE2C, CCNB1, CDC20",Biological Process
GO:0030071,regulation of mitotic metaphase/anaphase transition,4,-0.728613569,-1.799068132,0.0143449155,0.0143449155,0.499039684,97,"tags=100%, list=28%, signal=73%",UBE2C/CCNB1/CDC20,"UBE2C, CCNB1, CDC20",Biological Process
GO:0033047,regulation of mitotic sister chromatid segregation,4,-0.728613569,-1.799068132,0.0143449155,0.0143449155,0.499039684,97,"tags=100%, list=28%, signal=73%",CDK1/CCNB1/CDC20,"CDK1, CCNB1, CDC20",Biological Process
GO:0044784,metaphase/anaphase transition of cell cycle,4,-0.728613569,-1.799068132,0.0143449155,0.0143449155,0.499039684,97,"tags=100%, list=28%, signal=73%",UBE2C/CCNB1/CDC20,"UBE2C, CCNB1, CDC20",Biological Process
GO:0051304,chromosome separation,4,-0.728613569,-1.799068132,0.0143449155,0.0143449155,0.499039684,97,"tags=100%, list=28%, signal=73%",UBE2C/CCNB1/CDC20,"UBE2C, CCNB1, CDC20",Biological Process
GO:0051306,mitotic sister chromatid separation,4,-0.728613569,-1.799068132,0.0143449155,0.0143449155,0.499039684,97,"tags=100%, list=28%, signal=73%",UBE2C/CCNB1/CDC20,"UBE2C, CCNB1, CDC20",Biological Process
GO:1902099,regulation of metaphase/anaphase transition of cell cycle,4,-0.728613569,-1.799068132,0.0143449155,0.0143449155,0.499039684,97,"tags=100%, list=28%, signal=73%",UBE2C/CCNB1/CDC20,"UBE2C, CCNB1, CDC20",Biological Process
GO:1905818,regulation of chromosome separation,4,-0.728613569,-1.799068132,0.0143449155,0.0143449155,0.499039684,97,"tags=100%, list=28%, signal=73%",UBE2C/CCNB1/CDC20,"UBE2C, CCNB1, CDC20",Biological Process
GO:2001251,negative regulation of chromosome organization,4,-0.728613569,-1.799068132,0.0143449155,0.0143449155,0.499039684,97,"tags=100%, list=28%, signal=73%",CCNB1/CDC20/TOP2A,"CCNB1, CDC20, TOP2A",Biological Process
GO:0048731,system development,138,0.269878616,1.58292783,0.0146836971,0.0146836971,0.502586304,127,"tags=46%, list=37%, signal=49%",C3/CALD1/DCN/EFEMP1/COL1A2/COL3A1/SAT1/TPM1/GJA1/TIMP1/FN1/SPARC/PMP22/NFIB/HEG1/PALLD/CXADR/SFRP1/SULF1/PTGIS/SGK1/PDGFRA/PLS3/RARRES2/SEMA3C/FHL2/IGFBP5/TPBG/PODXL/CDH11/NR3C1/MEIS2/MET/LIPA/DSP/SOX4/RGS4/SERPINE2/GPNMB/CHRDL1/FAT1/BASP1/CPE/VCAM1/FBN1/SPINT2/ANXA3/TGFBI/CDH1/PXDN/CAV1/A2M/ESR1/DPYSL3/S100A6/S100A8/CADM1/BEX1/ACTA2/CTSK/ASS1/MGP/RGS2/BHLHE41,"C3, CALD1, DCN, EFEMP1, COL1A2, COL3A1, SAT1, TPM1, GJA1, TIMP1, FN1, SPARC, PMP22, NFIB, HEG1, PALLD, CXADR, SFRP1, SULF1, PTGIS, SGK1, PDGFRA, PLS3, RARRES2, SEMA3C, FHL2, IGFBP5, TPBG, PODXL, CDH11, NR3C1, MEIS2, MET, LIPA, DSP, SOX4, RGS4, SERPINE2, GPNMB, CHRDL1, FAT1, BASP1, CPE, VCAM1, FBN1, SPINT2, ANXA3, TGFBI, CDH1, PXDN, CAV1, A2M, ESR1, DPYSL3, S100A6, S100A8, CADM1, BEX1, ACTA2, CTSK, ASS1, MGP, RGS2, BHLHE41",Biological Process
GO:0051301,cell division,17,-0.358997423,-1.799483353,0.0157142857,0.0157142857,0.513108019,128,"tags=82%, list=37%, signal=54%",PTN/NUSAP1/ZWINT/CKS2/CCND1/UBE2C/CDK1/CCNB1/CDC20/CCNA1/AURKA/PRC1/TOP2A/NEK2,"PTN, NUSAP1, ZWINT, CKS2, CCND1, UBE2C, CDK1, CCNB1, CDC20, CCNA1, AURKA, PRC1, TOP2A, NEK2",Biological Process
GO:0000902,cell morphogenesis,29,0.375050117,1.688150413,0.0166594077,0.0166594077,0.513108019,97,"tags=50%, list=28%, signal=39%",TPM1/FN1/SPARC/NFIB/HEG1/PALLD/SGK1/SEMA3C/TPBG/CDH11/MET/LIPA/FAT1/SPINT2/CDH1,"TPM1, FN1, SPARC, NFIB, HEG1, PALLD, SGK1, SEMA3C, TPBG, CDH11, MET, LIPA, FAT1, SPINT2, CDH1",Biological Process
GO:1901989,positive regulation of cell cycle phase transition,7,-0.548177046,-1.779150366,0.0170162248,0.0170162248,0.513108019,89,"tags=86%, list=26%, signal=65%",CCND1/UBE2C/RRM2/CDK1/CCNB1/CDC20,"CCND1, UBE2C, RRM2, CDK1, CCNB1, CDC20",Biological Process
GO:1901992,positive regulation of mitotic cell cycle phase transition,7,-0.548177046,-1.779150366,0.0170162248,0.0170162248,0.513108019,89,"tags=86%, list=26%, signal=65%",CCND1/UBE2C/RRM2/CDK1/CCNB1/CDC20,"CCND1, UBE2C, RRM2, CDK1, CCNB1, CDC20",Biological Process
GO:0000075,cell cycle checkpoint signaling,6,-0.599406528,-1.788640588,0.018011257,0.018011257,0.513108019,142,"tags=100%, list=41%, signal=60%",ZWINT/CCND1/CDK1/CCNB1/CDC20,"ZWINT, CCND1, CDK1, CCNB1, CDC20",Biological Process
GO:0007093,mitotic cell cycle checkpoint signaling,6,-0.599406528,-1.788640588,0.018011257,0.018011257,0.513108019,142,"tags=100%, list=41%, signal=60%",ZWINT/CCND1/CDK1/CCNB1/CDC20,"ZWINT, CCND1, CDK1, CCNB1, CDC20",Biological Process
GO:0006936,muscle contraction,15,0.461626597,1.699751581,0.0181537731,0.0181537731,0.513108019,166,"tags=87%, list=48%, signal=47%",CALD1/TPM1/GJA1/SULF1/DSP/MYOF/TPM2/CAV1/ACTA2/RGS2/MYLK/TMOD1/PTGER3,"CALD1, TPM1, GJA1, SULF1, DSP, MYOF, TPM2, CAV1, ACTA2, RGS2, MYLK, TMOD1, PTGER3",Biological Process
GO:1901699,cellular response to nitrogen compound,30,0.368294915,1.674346551,0.0187533875,0.0187533875,0.513108019,100,"tags=53%, list=29%, signal=41%",COL1A2/COL3A1/GJA1/SFRP1/PDGFRA/RARRES2/RAB31/IGFBP5/COL6A1/RGS4/NSG1/VCAM1/AQP9/FBN1/CDH1/CAV1,"COL1A2, COL3A1, GJA1, SFRP1, PDGFRA, RARRES2, RAB31, IGFBP5, COL6A1, RGS4, NSG1, VCAM1, AQP9, FBN1, CDH1, CAV1",Biological Process
GO:0048285,organelle fission,16,-0.353297592,-1.729312563,0.0188298588,0.0188298588,0.513108019,119,"tags=81%, list=35%, signal=56%",IGF1/NUSAP1/ZWINT/CKS2/UBE2C/CDK1/CCNB1/CDC20/CCNA1/AURKA/PRC1/TOP2A/NEK2,"IGF1, NUSAP1, ZWINT, CKS2, UBE2C, CDK1, CCNB1, CDC20, CCNA1, AURKA, PRC1, TOP2A, NEK2",Biological Process
GO:0007292,female gamete generation,5,-0.639053254,-1.752161932,0.0189655172,0.0189655172,0.513108019,128,"tags=100%, list=37%, signal=64%",IGF1/HPGD/AURKA/TOP2A,"IGF1, HPGD, AURKA, TOP2A",Biological Process
GO:0030323,respiratory tube development,11,0.506425627,1.678624215,0.0193339154,0.0193339154,0.513108019,63,"tags=55%, list=18%, signal=46%",COL3A1/NFIB/HEG1/PDGFRA/IGFBP5/LIPA,"COL3A1, NFIB, HEG1, PDGFRA, IGFBP5, LIPA",Biological Process
GO:0030324,lung development,11,0.506425627,1.678624215,0.0193339154,0.0193339154,0.513108019,63,"tags=55%, list=18%, signal=46%",COL3A1/NFIB/HEG1/PDGFRA/IGFBP5/LIPA,"COL3A1, NFIB, HEG1, PDGFRA, IGFBP5, LIPA",Biological Process
GO:0030098,lymphocyte differentiation,8,0.566992933,1.687325584,0.0200761055,0.0200761055,0.513108019,129,"tags=88%, list=38%, signal=56%",SFRP1/LGALS1/LIPA/SOX4/VCAM1/HLA-DRA/CD74,"SFRP1, LGALS1, LIPA, SOX4, VCAM1, HLA-DRA, CD74",Biological Process
GO:0003208,cardiac ventricle morphogenesis,8,0.564826851,1.680879499,0.0204697546,0.0204697546,0.513108019,84,"tags=75%, list=24%, signal=58%",TPM1/HEG1/SEMA3C/DSP/SOX4/CPE,"TPM1, HEG1, SEMA3C, DSP, SOX4, CPE",Biological Process
GO:0003231,cardiac ventricle development,8,0.564826851,1.680879499,0.0204697546,0.0204697546,0.513108019,84,"tags=75%, list=24%, signal=58%",TPM1/HEG1/SEMA3C/DSP/SOX4/CPE,"TPM1, HEG1, SEMA3C, DSP, SOX4, CPE",Biological Process
GO:0007338,single fertilization,3,-0.805882353,-1.715842364,0.0206064174,0.0206064174,0.513108019,70,"tags=100%, list=20%, signal=80%",CDK1/FOLR1,"CDK1, FOLR1",Biological Process
GO:0009566,fertilization,3,-0.805882353,-1.715842364,0.0206064174,0.0206064174,0.513108019,70,"tags=100%, list=20%, signal=80%",CDK1/FOLR1,"CDK1, FOLR1",Biological Process
GO:0001508,action potential,4,0.716814159,1.658256667,0.0212549134,0.0212549134,0.513108019,100,"tags=100%, list=29%, signal=72%",GJA1/CXADR/DSP/CAV1,"GJA1, CXADR, DSP, CAV1",Biological Process
GO:0002027,regulation of heart rate,4,0.716814159,1.658256667,0.0212549134,0.0212549134,0.513108019,100,"tags=100%, list=29%, signal=72%",TPM1/DSP/RGS4/CAV1,"TPM1, DSP, RGS4, CAV1",Biological Process
GO:0061337,cardiac conduction,4,0.716814159,1.658256667,0.0212549134,0.0212549134,0.513108019,100,"tags=100%, list=29%, signal=72%",GJA1/CXADR/DSP/CAV1,"GJA1, CXADR, DSP, CAV1",Biological Process
GO:0086001,cardiac muscle cell action potential,4,0.716814159,1.658256667,0.0212549134,0.0212549134,0.513108019,100,"tags=100%, list=29%, signal=72%",GJA1/CXADR/DSP/CAV1,"GJA1, CXADR, DSP, CAV1",Biological Process
GO:0086065,cell communication involved in cardiac conduction,4,0.716814159,1.658256667,0.0212549134,0.0212549134,0.513108019,100,"tags=100%, list=29%, signal=72%",GJA1/CXADR/DSP/CAV1,"GJA1, CXADR, DSP, CAV1",Biological Process
GO:0035924,cellular response to vascular endothelial growth factor stimulus,5,0.662706379,1.662754104,0.0212556306,0.0212556306,0.513108019,87,"tags=80%, list=25%, signal=61%",GAS1/DCN/PDGFRA/VCAM1,"GAS1, DCN, PDGFRA, VCAM1",Biological Process
GO:0003015,heart process,8,0.562778034,1.674782382,0.0215194856,0.0215194856,0.513108019,125,"tags=88%, list=36%, signal=57%",TPM1/GJA1/CXADR/DSP/RGS4/CAV1/RGS2,"TPM1, GJA1, CXADR, DSP, RGS4, CAV1, RGS2",Biological Process
GO:0008016,regulation of heart contraction,8,0.562778034,1.674782382,0.0215194856,0.0215194856,0.513108019,125,"tags=88%, list=36%, signal=57%",TPM1/GJA1/CXADR/DSP/RGS4/CAV1/RGS2,"TPM1, GJA1, CXADR, DSP, RGS4, CAV1, RGS2",Biological Process
GO:0060047,heart contraction,8,0.562778034,1.674782382,0.0215194856,0.0215194856,0.513108019,125,"tags=88%, list=36%, signal=57%",TPM1/GJA1/CXADR/DSP/RGS4/CAV1/RGS2,"TPM1, GJA1, CXADR, DSP, RGS4, CAV1, RGS2",Biological Process
GO:1903522,regulation of blood circulation,8,0.562778034,1.674782382,0.0215194856,0.0215194856,0.513108019,125,"tags=88%, list=36%, signal=57%",TPM1/GJA1/CXADR/DSP/RGS4/CAV1/RGS2,"TPM1, GJA1, CXADR, DSP, RGS4, CAV1, RGS2",Biological Process
GO:0035239,tube morphogenesis,50,0.316864358,1.620943076,0.022647363,0.022647363,0.52925351,106,"tags=48%, list=31%, signal=39%",C3/CALD1/DCN/COL3A1/SAT1/FN1/SPARC/NFIB/HEG1/SFRP1/SULF1/PTGIS/PDGFRA/PODXL/NR3C1/MET/SOX4/GPNMB/SPINT2/ANXA3/TGFBI/PXDN/CAV1/ESR1,"C3, CALD1, DCN, COL3A1, SAT1, FN1, SPARC, NFIB, HEG1, SFRP1, SULF1, PTGIS, PDGFRA, PODXL, NR3C1, MET, SOX4, GPNMB, SPINT2, ANXA3, TGFBI, PXDN, CAV1, ESR1",Biological Process
GO:0030048,actin filament-based movement,5,0.659763314,1.655369848,0.0229448198,0.0229448198,0.52925351,120,"tags=100%, list=35%, signal=66%",TPM1/GJA1/DSP/CAV1/ACTA2,"TPM1, GJA1, DSP, CAV1, ACTA2",Biological Process
GO:0070252,actin-mediated cell contraction,5,0.659763314,1.655369848,0.0229448198,0.0229448198,0.52925351,120,"tags=100%, list=35%, signal=66%",TPM1/GJA1/DSP/CAV1/ACTA2,"TPM1, GJA1, DSP, CAV1, ACTA2",Biological Process
GO:0032970,regulation of actin filament-based process,13,0.471711292,1.65931491,0.0239048659,0.0239048659,0.545469266,155,"tags=85%, list=45%, signal=48%",TPM1/SFRP1/PDGFRA/MET/DSP/RGS4/CAV1/ACTA2/TACSTD2/CXCL12/TMOD1,"TPM1, SFRP1, PDGFRA, MET, DSP, RGS4, CAV1, ACTA2, TACSTD2, CXCL12, TMOD1",Biological Process
GO:0003382,epithelial cell morphogenesis,7,0.580531346,1.646064026,0.0264847512,0.0264847512,0.585915649,91,"tags=62%, list=27%, signal=47%",HEG1/PALLD/MET/FAT1/SPINT2,"HEG1, PALLD, MET, FAT1, SPINT2",Biological Process
GO:0051017,actin filament bundle assembly,8,0.552709756,1.644819993,0.0265057079,0.0265057079,0.585915649,57,"tags=62%, list=17%, signal=53%",CALD1/TPM1/SFRP1/PLS3/MET,"CALD1, TPM1, SFRP1, PLS3, MET",Biological Process
GO:0061572,actin filament bundle organization,8,0.552709756,1.644819993,0.0265057079,0.0265057079,0.585915649,57,"tags=62%, list=17%, signal=53%",CALD1/TPM1/SFRP1/PLS3/MET,"CALD1, TPM1, SFRP1, PLS3, MET",Biological Process
GO:0060048,cardiac muscle contraction,5,0.644970414,1.618253932,0.0284346847,0.0284346847,0.592989162,125,"tags=100%, list=36%, signal=64%",TPM1/GJA1/DSP/CAV1/RGS2,"TPM1, GJA1, DSP, CAV1, RGS2",Biological Process
GO:0008585,female gonad development,4,0.699115044,1.617312057,0.0289707381,0.0289707381,0.592989162,106,"tags=100%, list=31%, signal=70%",SFRP1/PDGFRA/A2M/ESR1,"SFRP1, PDGFRA, A2M, ESR1",Biological Process
GO:0046545,development of primary female sexual characteristics,4,0.699115044,1.617312057,0.0289707381,0.0289707381,0.592989162,106,"tags=100%, list=31%, signal=70%",SFRP1/PDGFRA/A2M/ESR1,"SFRP1, PDGFRA, A2M, ESR1",Biological Process
GO:0046660,female sex differentiation,4,0.699115044,1.617312057,0.0289707381,0.0289707381,0.592989162,106,"tags=100%, list=31%, signal=70%",SFRP1/PDGFRA/A2M/ESR1,"SFRP1, PDGFRA, A2M, ESR1",Biological Process
GO:0051495,positive regulation of cytoskeleton organization,4,0.697059914,1.612557779,0.0298442277,0.0298442277,0.592989162,57,"tags=75%, list=17%, signal=63%",TPM1/SFRP1/MET,"TPM1, SFRP1, MET",Biological Process
GO:0009880,embryonic pattern specification,3,0.767647059,1.59619932,0.0300876928,0.0300876928,0.592989162,82,"tags=100%, list=24%, signal=77%",MEIS2/CHRDL1/BASP1,"MEIS2, CHRDL1, BASP1",Biological Process
GO:0035282,segmentation,3,0.767647059,1.59619932,0.0300876928,0.0300876928,0.592989162,82,"tags=100%, list=24%, signal=77%",SFRP1/SEMA3C/BASP1,"SFRP1, SEMA3C, BASP1",Biological Process
GO:0040013,negative regulation of locomotion,25,0.37187855,1.61000008,0.0303030303,0.0303030303,0.592989162,52,"tags=38%, list=15%, signal=35%",DCN/COL3A1/TPM1/GJA1/TIMP1/SFRP1/SULF1/SEMA3C/IGFBP5/CDH11,"DCN, COL3A1, TPM1, GJA1, TIMP1, SFRP1, SULF1, SEMA3C, IGFBP5, CDH11",Biological Process
GO:0022612,gland morphogenesis,14,0.451281861,1.623617455,0.0307470574,0.0307470574,0.592989162,106,"tags=64%, list=31%, signal=46%",NFIB/SFRP1/SULF1/SEMA3C/IGFBP5/NR3C1/LIPA/CAV1/ESR1,"NFIB, SFRP1, SULF1, SEMA3C, IGFBP5, NR3C1, LIPA, CAV1, ESR1",Biological Process
GO:0043524,negative regulation of neuron apoptotic process,4,-0.681415929,-1.682529305,0.0309212624,0.0309212624,0.592989162,113,"tags=100%, list=33%, signal=68%",CCND1/APOE/ERBB3,"CCND1, APOE, ERBB3",Biological Process
GO:0030036,actin cytoskeleton organization,25,0.369930248,1.601565158,0.0325068871,0.0325068871,0.592989162,81,"tags=46%, list=24%, signal=38%",CALD1/TPM1/KRT19/PALLD/CXADR/SFRP1/PDGFRA/PLS3/MET/RGS4/TPM2/FAT1,"CALD1, TPM1, KRT19, PALLD, CXADR, SFRP1, PDGFRA, PLS3, MET, RGS4, TPM2, FAT1",Biological Process
GO:0022604,regulation of cell morphogenesis,6,0.59644511,1.59709408,0.0327064595,0.0327064595,0.592989162,26,"tags=43%, list=8%, signal=40%",TPM1/FN1/SPARC,"TPM1, FN1, SPARC",Biological Process
GO:0001568,blood vessel development,46,0.31297907,1.573313938,0.032853567,0.032853567,0.592989162,100,"tags=46%, list=29%, signal=37%",C3/CALD1/DCN/COL1A2/COL3A1/SAT1/FN1/SPARC/HEG1/SFRP1/SULF1/PTGIS/PDGFRA/SEMA3C/LIPA/SOX4/GPNMB/ANXA3/TGFBI/PXDN/CAV1,"C3, CALD1, DCN, COL1A2, COL3A1, SAT1, FN1, SPARC, HEG1, SFRP1, SULF1, PTGIS, PDGFRA, SEMA3C, LIPA, SOX4, GPNMB, ANXA3, TGFBI, PXDN, CAV1",Biological Process
GO:0001944,vasculature development,46,0.31297907,1.573313938,0.032853567,0.032853567,0.592989162,100,"tags=46%, list=29%, signal=37%",C3/CALD1/DCN/COL1A2/COL3A1/SAT1/FN1/SPARC/HEG1/SFRP1/SULF1/PTGIS/PDGFRA/SEMA3C/LIPA/SOX4/GPNMB/ANXA3/TGFBI/PXDN/CAV1,"C3, CALD1, DCN, COL1A2, COL3A1, SAT1, FN1, SPARC, HEG1, SFRP1, SULF1, PTGIS, PDGFRA, SEMA3C, LIPA, SOX4, GPNMB, ANXA3, TGFBI, PXDN, CAV1",Biological Process
GO:0042246,tissue regeneration,5,-0.603550296,-1.654819603,0.0331034483,0.0331034483,0.592989162,140,"tags=100%, list=41%, signal=60%",PTN/HOPX/IGF1/KLK6,"PTN, HOPX, IGF1, KLK6",Biological Process
GO:1902414,protein localization to cell junction,3,0.758823529,1.577852201,0.0337163592,0.0337163592,0.592989162,85,"tags=100%, list=25%, signal=76%",HEG1/DSP/NSG1,"HEG1, DSP, NSG1",Biological Process
GO:0071897,DNA biosynthetic process,4,-0.669616519,-1.653394599,0.0344277973,0.0344277973,0.592989162,117,"tags=100%, list=34%, signal=67%",TYMS/LOX/NEK2,"TYMS, LOX, NEK2",Biological Process
GO:1901987,regulation of cell cycle phase transition,12,-0.386374891,-1.637628961,0.0356756757,0.0356756757,0.592989162,97,"tags=75%, list=28%, signal=56%",ZWINT/CCND1/UBE2C/RRM2/CDK1/CCNB1/CDC20/CDKN2A/AURKA,"ZWINT, CCND1, UBE2C, RRM2, CDK1, CCNB1, CDC20, CDKN2A, AURKA",Biological Process
GO:1901990,regulation of mitotic cell cycle phase transition,12,-0.386374891,-1.637628961,0.0356756757,0.0356756757,0.592989162,97,"tags=75%, list=28%, signal=56%",ZWINT/CCND1/UBE2C/RRM2/CDK1/CCNB1/CDC20/CDKN2A/AURKA,"ZWINT, CCND1, UBE2C, RRM2, CDK1, CCNB1, CDC20, CDKN2A, AURKA",Biological Process
GO:0002455,humoral immune response mediated by circulating immunoglobulin,9,0.510678213,1.583872126,0.0359666024,0.0359666024,0.592989162,22,"tags=44%, list=6%, signal=43%",C3/C1S/SERPING1/CFI,"C3, C1S, SERPING1, CFI",Biological Process
GO:0006958,"complement activation, classical pathway",9,0.510678213,1.583872126,0.0359666024,0.0359666024,0.592989162,22,"tags=44%, list=6%, signal=43%",C3/C1S/SERPING1/CFI,"C3, C1S, SERPING1, CFI",Biological Process
GO:0030183,B cell differentiation,3,0.752941176,1.565620789,0.0362866647,0.0362866647,0.592989162,87,"tags=100%, list=25%, signal=75%",SFRP1/LGALS1/VCAM1,"SFRP1, LGALS1, VCAM1",Biological Process
GO:0048483,autonomic nervous system development,3,0.752941176,1.565620789,0.0362866647,0.0362866647,0.592989162,87,"tags=100%, list=25%, signal=75%",FN1/SOX4/VCAM1,"FN1, SOX4, VCAM1",Biological Process
GO:0060384,innervation,3,0.752941176,1.565620789,0.0362866647,0.0362866647,0.592989162,87,"tags=100%, list=25%, signal=75%",SULF1/SERPINE2/VCAM1,"SULF1, SERPINE2, VCAM1",Biological Process
GO:0051321,meiotic cell cycle,7,-0.507222502,-1.646229275,0.0364068065,0.0364068065,0.592989162,95,"tags=71%, list=28%, signal=53%",CDC20/CCNA1/AURKA/TOP2A/NEK2,"CDC20, CCNA1, AURKA, TOP2A, NEK2",Biological Process
GO:0045940,positive regulation of steroid metabolic process,3,-0.761764706,-1.621909388,0.0365027966,0.0365027966,0.592989162,85,"tags=100%, list=25%, signal=76%",APOE/APOA1,"APOE, APOA1",Biological Process
GO:0120009,intermembrane lipid transfer,3,-0.761764706,-1.621909388,0.0365027966,0.0365027966,0.592989162,85,"tags=100%, list=25%, signal=76%",APOE/APOA1,"APOE, APOA1",Biological Process
GO:0040012,regulation of locomotion,59,0.292162187,1.543505144,0.0369117195,0.0369117195,0.592989162,112,"tags=47%, list=33%, signal=38%",DCN/COL3A1/TPM1/GJA1/TIMP1/FN1/SPARC/SFRP1/SULF1/SGK1/PDGFRA/IL1R1/RARRES2/SEMA3C/IGFBP5/TPBG/PODXL/CDH11/MET/LAMA4/SERPINE2/GPNMB/SPINT2/ANXA3/CDH1/CAV1/AKAP12/DPYSL3,"DCN, COL3A1, TPM1, GJA1, TIMP1, FN1, SPARC, SFRP1, SULF1, SGK1, PDGFRA, IL1R1, RARRES2, SEMA3C, IGFBP5, TPBG, PODXL, CDH11, MET, LAMA4, SERPINE2, GPNMB, SPINT2, ANXA3, CDH1, CAV1, AKAP12, DPYSL3",Biological Process
GO:0030510,regulation of BMP signaling pathway,9,0.508995603,1.578653499,0.0369942197,0.0369942197,0.592989162,90,"tags=67%, list=26%, signal=50%",HTRA1/FSTL1/SFRP1/SULF1/CHRDL1/FBN1,"HTRA1, FSTL1, SFRP1, SULF1, CHRDL1, FBN1",Biological Process
GO:0120031,plasma membrane bounded cell projection assembly,6,0.590504451,1.581186847,0.0373398746,0.0373398746,0.592989162,144,"tags=100%, list=42%, signal=59%",PMP22/PODXL/CAV1/DPYSL3/MYLK/TACSTD2,"PMP22, PODXL, CAV1, DPYSL3, MYLK, TACSTD2",Biological Process
GO:0048870,cell motility,78,0.272849617,1.507344357,0.0375482038,0.0375482038,0.592989162,100,"tags=40%, list=29%, signal=37%",DCN/COL3A1/TPM1/GJA1/TIMP1/FN1/FSTL1/SPARC/PALLD/CXADR/SFRP1/SULF1/SGK1/PDGFRA/IL1R1/RARRES2/SEMA3C/IGFBP5/TPBG/PODXL/CDH11/MET/LAMA4/SERPINE2/IGFBP6/GPNMB/FAT1/VCAM1/SPINT2/ANXA3/CDH1/CAV1,"DCN, COL3A1, TPM1, GJA1, TIMP1, FN1, FSTL1, SPARC, PALLD, CXADR, SFRP1, SULF1, SGK1, PDGFRA, IL1R1, RARRES2, SEMA3C, IGFBP5, TPBG, PODXL, CDH11, MET, LAMA4, SERPINE2, IGFBP6, GPNMB, FAT1, VCAM1, SPINT2, ANXA3, CDH1, CAV1",Biological Process
GO:0045787,positive regulation of cell cycle,11,-0.397888488,-1.610623854,0.0382871537,0.0382871537,0.592989162,119,"tags=82%, list=35%, signal=55%",IGF1/NUSAP1/CCND1/UBE2C/RRM2/CDK1/CCNB1/CDC20/AURKA,"IGF1, NUSAP1, CCND1, UBE2C, RRM2, CDK1, CCNB1, CDC20, AURKA",Biological Process
GO:0003008,system process,61,0.287570953,1.529083267,0.0385638298,0.0385638298,0.592989162,191,"tags=72%, list=56%, signal=39%",CALD1/EFEMP1/COL1A2/TPM1/GJA1/SERPING1/HEG1/CXADR/SULF1/SGK1/LUM/IGFBP5/TPBG/MEIS2/CLIC5/LIPA/DSP/RGS4/MYOF/SERPINE2/TPM2/LXN/PTGS1/TGFBI/CAV1/AKAP12/HLA-DRA/ACTA2/RGS2/MYLK/CTSC/TACSTD2/ALDH1A3/COL11A1/CXCL12/TMOD1/PTGER3/SPP1/COL1A1/PNOC/TMEM100/SERPINF1/GATM/SNAI2,"CALD1, EFEMP1, COL1A2, TPM1, GJA1, SERPING1, HEG1, CXADR, SULF1, SGK1, LUM, IGFBP5, TPBG, MEIS2, CLIC5, LIPA, DSP, RGS4, MYOF, SERPINE2, TPM2, LXN, PTGS1, TGFBI, CAV1, AKAP12, HLA-DRA, ACTA2, RGS2, MYLK, CTSC, TACSTD2, ALDH1A3, COL11A1, CXCL12, TMOD1, PTGER3, SPP1, COL1A1, PNOC, TMEM100, SERPINF1, GATM, SNAI2",Biological Process
GO:0003012,muscle system process,19,0.400124474,1.592591561,0.0387783116,0.0387783116,0.592989162,132,"tags=68%, list=38%, signal=45%",CALD1/TPM1/GJA1/SULF1/IGFBP5/DSP/RGS4/MYOF/TPM2/CAV1/ACTA2/RGS2/MYLK,"CALD1, TPM1, GJA1, SULF1, IGFBP5, DSP, RGS4, MYOF, TPM2, CAV1, ACTA2, RGS2, MYLK",Biological Process
GO:0071772,response to BMP,11,0.472656045,1.566689836,0.0390420357,0.0390420357,0.592989162,91,"tags=64%, list=27%, signal=48%",HTRA1/FSTL1/SFRP1/SULF1/CHRDL1/FBN1/SPINT2,"HTRA1, FSTL1, SFRP1, SULF1, CHRDL1, FBN1, SPINT2",Biological Process
GO:0071773,cellular response to BMP stimulus,11,0.472656045,1.566689836,0.0390420357,0.0390420357,0.592989162,91,"tags=64%, list=27%, signal=48%",HTRA1/FSTL1/SFRP1/SULF1/CHRDL1/FBN1/SPINT2,"HTRA1, FSTL1, SFRP1, SULF1, CHRDL1, FBN1, SPINT2",Biological Process
GO:1902850,microtubule cytoskeleton organization involved in mitosis,8,-0.482605253,-1.668846408,0.0390592188,0.0390592188,0.592989162,45,"tags=75%, list=13%, signal=67%",CDK1/CCNB1/CDC20/AURKA/PRC1/NEK2,"CDK1, CCNB1, CDC20, AURKA, PRC1, NEK2",Biological Process
GO:0006996,organelle organization,62,0.285362897,1.520422457,0.0396930946,0.0396930946,0.592989162,81,"tags=37%, list=24%, signal=34%",CALD1/DCN/TPM1/GJA1/NFIB/KRT19/PALLD/CXADR/SFRP1/SRGN/PDGFRA/CETN2/PLS3/RAB31/MET/LAPTM4B/LIPA/DSP/RGS4/SERPINE2/UQCRFS1/TPM2/FAT1,"CALD1, DCN, TPM1, GJA1, NFIB, KRT19, PALLD, CXADR, SFRP1, SRGN, PDGFRA, CETN2, PLS3, RAB31, MET, LAPTM4B, LIPA, DSP, RGS4, SERPINE2, UQCRFS1, TPM2, FAT1",Biological Process
GO:0009888,tissue development,96,0.260820567,1.480007696,0.0397170288,0.0397170288,0.592989162,71,"tags=32%, list=21%, signal=35%",C3/EFEMP1/COL1A2/COL3A1/TPM1/GJA1/TIMP1/FN1/FSTL1/NFIB/KRT19/HEG1/PALLD/CXADR/SFRP1/SULF1/SRGN/PDGFRA/SEMA3C/FHL2/IGFBP5/PODXL/NR3C1/MET/COL6A1/LIPA/DSP/SOX4/RGS4/SERPINE2/CTSB,"C3, EFEMP1, COL1A2, COL3A1, TPM1, GJA1, TIMP1, FN1, FSTL1, NFIB, KRT19, HEG1, PALLD, CXADR, SFRP1, SULF1, SRGN, PDGFRA, SEMA3C, FHL2, IGFBP5, PODXL, NR3C1, MET, COL6A1, LIPA, DSP, SOX4, RGS4, SERPINE2, CTSB",Biological Process
GO:0061844,antimicrobial humoral immune response mediated by antimicrobial peptide,5,-0.588757396,-1.614260299,0.0403448276,0.0403448276,0.592989162,145,"tags=100%, list=42%, signal=59%",S100A9/KLK7/CXCL8/CXCL2,"S100A9, KLK7, CXCL8, CXCL2",Biological Process
GO:0009887,animal organ morphogenesis,52,0.297029088,1.531798196,0.0404082053,0.0404082053,0.592989162,150,"tags=60%, list=44%, signal=40%",DCN/EFEMP1/COL1A2/COL3A1/TPM1/NFIB/HEG1/SFRP1/SULF1/PDGFRA/SEMA3C/FHL2/IGFBP5/NR3C1/MEIS2/LIPA/DSP/SOX4/FAT1/BASP1/CPE/FBN1/CAV1/ESR1/ACTA2/MGP/MYLK/EMX2/TACSTD2/ALDH1A3/COL11A1,"DCN, EFEMP1, COL1A2, COL3A1, TPM1, NFIB, HEG1, SFRP1, SULF1, PDGFRA, SEMA3C, FHL2, IGFBP5, NR3C1, MEIS2, LIPA, DSP, SOX4, FAT1, BASP1, CPE, FBN1, CAV1, ESR1, ACTA2, MGP, MYLK, EMX2, TACSTD2, ALDH1A3, COL11A1",Biological Process
GO:0030154,cell differentiation,137,0.251113686,1.472081195,0.0407280772,0.0407280772,0.592989162,130,"tags=45%, list=38%, signal=47%",C3/GAS1/EFEMP1/COL3A1/TPM1/HTRA1/GJA1/FN1/FSTL1/PMP22/NFIB/KRT19/HEG1/PALLD/CXADR/SFRP1/SULF1/LGALS1/SGK1/PDGFRA/RARRES2/SEMA3C/FHL2/IGFBP5/TPBG/PODXL/CDH11/NR3C1/MEIS2/MET/COL6A1/LIPA/DSP/SOX4/RGS4/SERPINE2/CTSB/CHRDL1/FAT1/BASP1/VCAM1/FBN1/SPINT2/TGFBI/CDH1/CAV1/A2M/ESR1/SFN/DPYSL3/S100A6/S100A8/HLA-DRA/CADM1/BEX1/ACTA2/KRT8/CTSK/MGP/RGS2/BHLHE41/CD74/UPK1B,"C3, GAS1, EFEMP1, COL3A1, TPM1, HTRA1, GJA1, FN1, FSTL1, PMP22, NFIB, KRT19, HEG1, PALLD, CXADR, SFRP1, SULF1, LGALS1, SGK1, PDGFRA, RARRES2, SEMA3C, FHL2, IGFBP5, TPBG, PODXL, CDH11, NR3C1, MEIS2, MET, COL6A1, LIPA, DSP, SOX4, RGS4, SERPINE2, CTSB, CHRDL1, FAT1, BASP1, VCAM1, FBN1, SPINT2, TGFBI, CDH1, CAV1, A2M, ESR1, SFN, DPYSL3, S100A6, S100A8, HLA-DRA, CADM1, BEX1, ACTA2, KRT8, CTSK, MGP, RGS2, BHLHE41, CD74, UPK1B",Biological Process
GO:0048869,cellular developmental process,137,0.251113686,1.472081195,0.0407280772,0.0407280772,0.592989162,130,"tags=45%, list=38%, signal=47%",C3/GAS1/EFEMP1/COL3A1/TPM1/HTRA1/GJA1/FN1/FSTL1/PMP22/NFIB/KRT19/HEG1/PALLD/CXADR/SFRP1/SULF1/LGALS1/SGK1/PDGFRA/RARRES2/SEMA3C/FHL2/IGFBP5/TPBG/PODXL/CDH11/NR3C1/MEIS2/MET/COL6A1/LIPA/DSP/SOX4/RGS4/SERPINE2/CTSB/CHRDL1/FAT1/BASP1/VCAM1/FBN1/SPINT2/TGFBI/CDH1/CAV1/A2M/ESR1/SFN/DPYSL3/S100A6/S100A8/HLA-DRA/CADM1/BEX1/ACTA2/KRT8/CTSK/MGP/RGS2/BHLHE41/CD74/UPK1B,"C3, GAS1, EFEMP1, COL3A1, TPM1, HTRA1, GJA1, FN1, FSTL1, PMP22, NFIB, KRT19, HEG1, PALLD, CXADR, SFRP1, SULF1, LGALS1, SGK1, PDGFRA, RARRES2, SEMA3C, FHL2, IGFBP5, TPBG, PODXL, CDH11, NR3C1, MEIS2, MET, COL6A1, LIPA, DSP, SOX4, RGS4, SERPINE2, CTSB, CHRDL1, FAT1, BASP1, VCAM1, FBN1, SPINT2, TGFBI, CDH1, CAV1, A2M, ESR1, SFN, DPYSL3, S100A6, S100A8, HLA-DRA, CADM1, BEX1, ACTA2, KRT8, CTSK, MGP, RGS2, BHLHE41, CD74, UPK1B",Biological Process
GO:0045926,negative regulation of growth,14,0.436950186,1.572055093,0.0409560413,0.0409560413,0.592989162,69,"tags=50%, list=20%, signal=42%",GJA1/MT2A/SFRP1/SEMA3C/IGFBP5/RGS4/SERPINE2,"GJA1, MT2A, SFRP1, SEMA3C, IGFBP5, RGS4, SERPINE2",Biological Process
GO:0002062,chondrocyte differentiation,7,0.556155066,1.576946456,0.0410647405,0.0410647405,0.592989162,35,"tags=57%, list=10%, signal=52%",EFEMP1/COL3A1/NFIB/SULF1,"EFEMP1, COL3A1, NFIB, SULF1",Biological Process
GO:0002706,regulation of lymphocyte mediated immunity,5,0.618343195,1.551445284,0.0411036036,0.0411036036,0.592989162,134,"tags=100%, list=39%, signal=62%",C3/IL1R1/HLA-DRA/CADM1/SERPINB9,"C3, IL1R1, HLA-DRA, CADM1, SERPINB9",Biological Process
GO:0045638,negative regulation of myeloid cell differentiation,3,0.744117647,1.54727367,0.041276081,0.041276081,0.592989162,90,"tags=100%, list=26%, signal=74%",SFRP1/MEIS2/FBN1,"SFRP1, MEIS2, FBN1",Biological Process
GO:0008360,regulation of cell shape,3,0.743402638,1.545786924,0.041276081,0.041276081,0.592989162,19,"tags=67%, list=6%, signal=64%",TPM1/FN1,"TPM1, FN1",Biological Process
GO:0009792,embryo development ending in birth or egg hatching,21,0.384623433,1.577041551,0.0413036098,0.0413036098,0.592989162,47,"tags=38%, list=14%, signal=35%",COL3A1/TM4SF1/KRT19/HEG1/SFRP1/SULF1/PDGFRA/SEMA3C,"COL3A1, TM4SF1, KRT19, HEG1, SFRP1, SULF1, PDGFRA, SEMA3C",Biological Process
GO:0043009,chordate embryonic development,21,0.384623433,1.577041551,0.0413036098,0.0413036098,0.592989162,47,"tags=38%, list=14%, signal=35%",COL3A1/TM4SF1/KRT19/HEG1/SFRP1/SULF1/PDGFRA/SEMA3C,"COL3A1, TM4SF1, KRT19, HEG1, SFRP1, SULF1, PDGFRA, SEMA3C",Biological Process
GO:0040011,locomotion,67,0.278282361,1.503220531,0.0419088406,0.0419088406,0.592989162,120,"tags=47%, list=35%, signal=38%",DCN/COL3A1/TPM1/GJA1/TIMP1/FN1/SPARC/CXADR/SFRP1/SULF1/SGK1/PDGFRA/IL1R1/RARRES2/SEMA3C/IGFBP5/TPBG/PODXL/CDH11/MET/LAMA4/SERPINE2/GPNMB/VCAM1/SPINT2/ANXA3/CDH1/CAV1/AKAP12/DPYSL3/S100A8/ACTA2,"DCN, COL3A1, TPM1, GJA1, TIMP1, FN1, SPARC, CXADR, SFRP1, SULF1, SGK1, PDGFRA, IL1R1, RARRES2, SEMA3C, IGFBP5, TPBG, PODXL, CDH11, MET, LAMA4, SERPINE2, GPNMB, VCAM1, SPINT2, ANXA3, CDH1, CAV1, AKAP12, DPYSL3, S100A8, ACTA2",Biological Process
GO:0007163,establishment or maintenance of cell polarity,3,0.741176471,1.541157964,0.0423344421,0.0423344421,0.592989162,91,"tags=100%, list=27%, signal=74%",GJA1/FAT1/SPINT2,"GJA1, FAT1, SPINT2",Biological Process
GO:0016054,organic acid catabolic process,4,-0.654867257,-1.616976216,0.0430347466,0.0430347466,0.592989162,122,"tags=100%, list=36%, signal=65%",PCK1/KYNU/TDO2,"PCK1, KYNU, TDO2",Biological Process
GO:0046395,carboxylic acid catabolic process,4,-0.654867257,-1.616976216,0.0430347466,0.0430347466,0.592989162,122,"tags=100%, list=36%, signal=65%",PCK1/KYNU/TDO2,"PCK1, KYNU, TDO2",Biological Process
GO:2000377,regulation of reactive oxygen species metabolic process,5,-0.582840237,-1.598036577,0.0437931034,0.0437931034,0.592989162,147,"tags=100%, list=43%, signal=58%",CYP1B1/ITGB2/THBS1/AKR1C3,"CYP1B1, ITGB2, THBS1, AKR1C3",Biological Process
GO:2000379,positive regulation of reactive oxygen species metabolic process,5,-0.582840237,-1.598036577,0.0437931034,0.0437931034,0.592989162,147,"tags=100%, list=43%, signal=58%",CYP1B1/ITGB2/THBS1/AKR1C3,"CYP1B1, ITGB2, THBS1, AKR1C3",Biological Process
GO:0048514,blood vessel morphogenesis,40,0.31507899,1.538497848,0.0441315541,0.0441315541,0.592989162,40,"tags=30%, list=12%, signal=30%",C3/CALD1/DCN/COL3A1/SAT1/FN1/SPARC/HEG1/SFRP1/SULF1/PTGIS/PDGFRA,"C3, CALD1, DCN, COL3A1, SAT1, FN1, SPARC, HEG1, SFRP1, SULF1, PTGIS, PDGFRA",Biological Process
GO:0044242,cellular lipid catabolic process,7,-0.49702381,-1.613128641,0.0443213296,0.0443213296,0.592989162,177,"tags=100%, list=52%, signal=49%",AADAC/APOC1/CYP1B1/ENPP2/AKR1C3/PCK1,"AADAC, APOC1, CYP1B1, ENPP2, AKR1C3, PCK1",Biological Process
GO:0065008,regulation of biological quality,79,0.267001239,1.47932626,0.0446202211,0.0446202211,0.592989162,108,"tags=42%, list=31%, signal=38%",DCN/COL1A2/COL3A1/TPM1/GJA1/SERPING1/FN1/HEG1/CXADR/SFRP1/SRGN/SGK1/PDGFRA/SEMA3C/TPBG/NR3C1/LAPTM4B/LIPA/DSP/SOX4/RGS4/MYOF/SERPINE2/CTSB/CHRDL1/CPE/NSG1/PTGS1/CDH1/CAV1/CALB2/ADH1B/ESR1/AKAP12,"DCN, COL1A2, COL3A1, TPM1, GJA1, SERPING1, FN1, HEG1, CXADR, SFRP1, SRGN, SGK1, PDGFRA, SEMA3C, TPBG, NR3C1, LAPTM4B, LIPA, DSP, SOX4, RGS4, MYOF, SERPINE2, CTSB, CHRDL1, CPE, NSG1, PTGS1, CDH1, CAV1, CALB2, ADH1B, ESR1, AKAP12",Biological Process
GO:0032502,developmental process,191,0.249044552,1.466777602,0.0446365738,0.0446365738,0.592989162,130,"tags=43%, list=38%, signal=61%",C3/GAS1/CALD1/DCN/EFEMP1/COL1A2/IGFBP7/COL3A1/SAT1/TPM1/HTRA1/GJA1/TIMP1/FN1/TM4SF1/FSTL1/SPARCL1/SPARC/PMP22/NFIB/KRT19/HEG1/PALLD/CXADR/SFRP1/SULF1/SRGN/PTGIS/LGALS1/SGK1/PDGFRA/CETN2/PLS3/RARRES2/SEMA3C/FHL2/IGFBP5/TPBG/PODXL/CDH11/NR3C1/MEIS2/MET/COL6A1/LIPA/LAMA4/DSP/SOX4/RGS4/SERPINE2/CTSB/GPNMB/CHRDL1/FAT1/BASP1/CPE/COL6A3/VCAM1/FBN1/SPINT2/ANXA3/TGFBI/CDH1/PXDN/CAV1/A2M/ESR1/SFN/DPYSL3/S100A6/S100A8/HLA-DRA/CADM1/BEX1/ACTA2/KRT8/CTSK/ASS1/MGP/RGS2/BHLHE41/CD74/UPK1B,"C3, GAS1, CALD1, DCN, EFEMP1, COL1A2, IGFBP7, COL3A1, SAT1, TPM1, HTRA1, GJA1, TIMP1, FN1, TM4SF1, FSTL1, SPARCL1, SPARC, PMP22, NFIB, KRT19, HEG1, PALLD, CXADR, SFRP1, SULF1, SRGN, PTGIS, LGALS1, SGK1, PDGFRA, CETN2, PLS3, RARRES2, SEMA3C, FHL2, IGFBP5, TPBG, PODXL, CDH11, NR3C1, MEIS2, MET, COL6A1, LIPA, LAMA4, DSP, SOX4, RGS4, SERPINE2, CTSB, GPNMB, CHRDL1, FAT1, BASP1, CPE, COL6A3, VCAM1, FBN1, SPINT2, ANXA3, TGFBI, CDH1, PXDN, CAV1, A2M, ESR1, SFN, DPYSL3, S100A6, S100A8, HLA-DRA, CADM1, BEX1, ACTA2, KRT8, CTSK, ASS1, MGP, RGS2, BHLHE41, CD74, UPK1B",Biological Process
GO:0040007,growth,36,0.32271074,1.534819782,0.0452416436,0.0452416436,0.592989162,125,"tags=53%, list=36%, signal=37%",GAS1/IGFBP7/COL3A1/GJA1/FN1/MT2A/HEG1/SFRP1/SGK1/SEMA3C/IGFBP5/RGS4/SERPINE2/BASP1/CDH1/ESR1/SFN/S100A8/RGS2,"GAS1, IGFBP7, COL3A1, GJA1, FN1, MT2A, HEG1, SFRP1, SGK1, SEMA3C, IGFBP5, RGS4, SERPINE2, BASP1, CDH1, ESR1, SFN, S100A8, RGS2",Biological Process
GO:0030336,negative regulation of cell migration,23,0.36761863,1.551684112,0.0452922802,0.0452922802,0.592989162,52,"tags=38%, list=15%, signal=34%",DCN/COL3A1/TPM1/GJA1/TIMP1/SFRP1/SULF1/IGFBP5/CDH11,"DCN, COL3A1, TPM1, GJA1, TIMP1, SFRP1, SULF1, IGFBP5, CDH11",Biological Process
GO:0090288,negative regulation of cellular response to growth factor stimulus,10,0.482041983,1.544991216,0.0458518049,0.0458518049,0.592989162,90,"tags=60%, list=26%, signal=46%",DCN/HTRA1/SFRP1/SULF1/CHRDL1/FBN1,"DCN, HTRA1, SFRP1, SULF1, CHRDL1, FBN1",Biological Process
GO:0007411,axon guidance,4,0.664723823,1.537752425,0.0464405299,0.0464405299,0.592989162,47,"tags=75%, list=14%, signal=65%",NFIB/PALLD/SEMA3C,"NFIB, PALLD, SEMA3C",Biological Process
GO:0097485,neuron projection guidance,4,0.664723823,1.537752425,0.0464405299,0.0464405299,0.592989162,47,"tags=75%, list=14%, signal=65%",NFIB/PALLD/SEMA3C,"NFIB, PALLD, SEMA3C",Biological Process
GO:0002708,positive regulation of lymphocyte mediated immunity,4,0.663716814,1.535422839,0.0476051827,0.0476051827,0.592989162,118,"tags=100%, list=34%, signal=66%",C3/IL1R1/HLA-DRA/CADM1,"C3, IL1R1, HLA-DRA, CADM1",Biological Process
GO:0001558,regulation of cell growth,21,0.378582287,1.552271509,0.0477537626,0.0477537626,0.592989162,125,"tags=62%, list=36%, signal=42%",IGFBP7/GJA1/FN1/SFRP1/SGK1/SEMA3C/IGFBP5/RGS4/SERPINE2/CDH1/SFN/S100A8/RGS2,"IGFBP7, GJA1, FN1, SFRP1, SGK1, SEMA3C, IGFBP5, RGS4, SERPINE2, CDH1, SFN, S100A8, RGS2",Biological Process
GO:0008285,negative regulation of cell population proliferation,42,0.307684919,1.519675143,0.0493658946,0.0493658946,0.592989162,112,"tags=49%, list=33%, signal=38%",IGFBP7/TPM1/SPARC/PMP22/NFIB/SFRP1/SULF1/SEMA3C/IGFBP5/TPBG/SOX4/SERPINE2/IGFBP6/GPNMB/SPINT2/CDH1/MNDA/CAV1/PTGDS/SFN/DPYSL3,"IGFBP7, TPM1, SPARC, PMP22, NFIB, SFRP1, SULF1, SEMA3C, IGFBP5, TPBG, SOX4, SERPINE2, IGFBP6, GPNMB, SPINT2, CDH1, MNDA, CAV1, PTGDS, SFN, DPYSL3",Biological Process
GO:1990234,transferase complex,9,-0.733532934,-2.695708666,0.000444247001,0.000444247001,0.0824400579,99,"tags=100%, list=29%, signal=73%",CKS2/CCND1/UBE2C/CDK1/CCNB1/CDC20/CCNA1/PRAME,"CKS2, CCND1, UBE2C, CDK1, CCNB1, CDC20, CCNA1, PRAME",Cellular Component
GO:0000922,spindle pole,5,-0.890532544,-2.469587243,0.000691562932,0.000691562932,0.0824400579,43,"tags=100%, list=13%, signal=89%",CDC20/AURKA/PRC1/NEK2,"CDC20, AURKA, PRC1, NEK2",Cellular Component
GO:0030496,midbody,5,-0.846153846,-2.346518111,0.0010373444,0.0010373444,0.0824400579,58,"tags=100%, list=17%, signal=84%",CDK1/AURKA/PRC1/NEK2,"CDK1, AURKA, PRC1, NEK2",Cellular Component
GO:0098687,chromosomal region,7,-0.735119048,-2.395818638,0.0011956955,0.0011956955,0.0824400579,97,"tags=86%, list=28%, signal=63%",CDK1/CCNB1/CDC20/AURKA/TOP2A/NEK2,"CDK1, CCNB1, CDC20, AURKA, TOP2A, NEK2",Cellular Component
GO:0000775,"chromosome, centromeric region",6,-0.732937685,-2.218915223,0.00186289121,0.00186289121,0.0856276309,97,"tags=100%, list=28%, signal=73%",CCNB1/CDC20/AURKA/TOP2A/NEK2,"CCNB1, CDC20, AURKA, TOP2A, NEK2",Cellular Component
GO:0061695,"transferase complex, transferring phosphorus-containing groups",6,-0.727002967,-2.200948298,0.00186289121,0.00186289121,0.0856276309,99,"tags=100%, list=29%, signal=72%",CKS2/CCND1/CDK1/CCNB1/CCNA1,"CKS2, CCND1, CDK1, CCNB1, CCNA1",Cellular Component
GO:0043226,organelle,277,0.338522947,1.820728034,0.00417430259,0.00417430259,0.110034102,181,"tags=57%, list=53%, signal=142%",C3/CALD1/DCN/EFEMP1/COL1A2/IGFBP7/COL3A1/TPM1/HTRA1/HLA-DPA1/GJA1/TIMP1/FTL/SERPING1/FN1/MT2A/CFI/FSTL1/ABCA8/SPARCL1/SPARC/NFIB/KRT19/PALLD/CXADR/SFRP1/SULF1/SRGN/PTGIS/LGALS1/SGK1/PDGFRA/CETN2/PLS3/LUM/RARRES2/RAB31/SEMA3C/FHL2/IGFBP5/TPBG/PODXL/CDH11/CSTB/NR3C1/MEIS2/TCEAL2/LAPTM4B/COL6A1/CFH/CLIC5/LIPA/LAMA4/DSP/SOX4/RGS4/MYOF/SERPINE2/HLA-DPB1/CTSB/FKBP11/UQCRFS1/AOX1/GPNMB/CHRDL1/TPM2/FAT1/BASP1/CPE/NSG1/COL6A3/VCAM1/AQP9/C1R/FBN1/LYZ/CPVL/ANXA3/PTGS1/TGFBI/CDH1/MNDA/PXDN/CAV1/A2M/CALB2/ADH1B/C7/ESR1/PTGDS/AKAP12/PLOD2/SFN/CFB/DPYSL3/S100A6/RNASE1/S100A8/HLA-DRA/CADM1/BEX1/ACTA2/KRT8/CTSK/ASS1/MGP/RGS2/LGALS3BP/BHLHE41/MX1/CD74/UPK1B/AEBP1/MYLK/CD163/SERPINB9/PRSS23/RBP1/NR2F1/SPON1/CD14/LAPTM5/EMX2/CTSC/TACSTD2/THBS2/OLFML3/RGS5/KLK11/ALDH1A3/COL11A1/CXCL12/FILIP1L/CTSS/DHCR24/TMOD1/CST3/ACSL1/HSPA2/MARCO/HLA-DMA/COL5A2/GBP1/PTGER3/MSLN/SORL1/LAMB1/SPP1/CFD/COL1A1/COL4A2/JUN/TSPAN8/CSRP2/SQLE/EPCAM/TMEM100/ALDH1A1,"C3, CALD1, DCN, EFEMP1, COL1A2, IGFBP7, COL3A1, TPM1, HTRA1, HLA-DPA1, GJA1, TIMP1, FTL, SERPING1, FN1, MT2A, CFI, FSTL1, ABCA8, SPARCL1, SPARC, NFIB, KRT19, PALLD, CXADR, SFRP1, SULF1, SRGN, PTGIS, LGALS1, SGK1, PDGFRA, CETN2, PLS3, LUM, RARRES2, RAB31, SEMA3C, FHL2, IGFBP5, TPBG, PODXL, CDH11, CSTB, NR3C1, MEIS2, TCEAL2, LAPTM4B, COL6A1, CFH, CLIC5, LIPA, LAMA4, DSP, SOX4, RGS4, MYOF, SERPINE2, HLA-DPB1, CTSB, FKBP11, UQCRFS1, AOX1, GPNMB, CHRDL1, TPM2, FAT1, BASP1, CPE, NSG1, COL6A3, VCAM1, AQP9, C1R, FBN1, LYZ, CPVL, ANXA3, PTGS1, TGFBI, CDH1, MNDA, PXDN, CAV1, A2M, CALB2, ADH1B, C7, ESR1, PTGDS, AKAP12, PLOD2, SFN, CFB, DPYSL3, S100A6, RNASE1, S100A8, HLA-DRA, CADM1, BEX1, ACTA2, KRT8, CTSK, ASS1, MGP, RGS2, LGALS3BP, BHLHE41, MX1, CD74, UPK1B, AEBP1, MYLK, CD163, SERPINB9, PRSS23, RBP1, NR2F1, SPON1, CD14, LAPTM5, EMX2, CTSC, TACSTD2, THBS2, OLFML3, RGS5, KLK11, ALDH1A3, COL11A1, CXCL12, FILIP1L, CTSS, DHCR24, TMOD1, CST3, ACSL1, HSPA2, MARCO, HLA-DMA, COL5A2, GBP1, PTGER3, MSLN, SORL1, LAMB1, SPP1, CFD, COL1A1, COL4A2, JUN, TSPAN8, CSRP2, SQLE, EPCAM, TMEM100, ALDH1A1",Cellular Component
GO:0000307,cyclin-dependent protein kinase holoenzyme complex,5,-0.736686391,-2.042947586,0.00449515906,0.00449515906,0.110034102,95,"tags=100%, list=28%, signal=73%",CCND1/CDK1/CCNB1/CCNA1,"CCND1, CDK1, CCNB1, CCNA1",Cellular Component
GO:1902554,serine/threonine protein kinase complex,5,-0.736686391,-2.042947586,0.00449515906,0.00449515906,0.110034102,95,"tags=100%, list=28%, signal=73%",CCND1/CDK1/CCNB1/CCNA1,"CCND1, CDK1, CCNB1, CCNA1",Cellular Component
GO:1902911,protein kinase complex,5,-0.736686391,-2.042947586,0.00449515906,0.00449515906,0.110034102,95,"tags=100%, list=28%, signal=73%",CCND1/CDK1/CCNB1/CCNA1,"CCND1, CDK1, CCNB1, CCNA1",Cellular Component
GO:0005876,spindle microtubule,3,-0.879411765,-1.869865883,0.00470588235,0.00470588235,0.110034102,45,"tags=100%, list=13%, signal=88%",AURKA/PRC1,"AURKA, PRC1",Cellular Component
GO:0000776,kinetochore,5,-0.730769231,-2.026538369,0.00518672199,0.00518672199,0.110034102,97,"tags=100%, list=28%, signal=73%",CCNB1/CDC20/AURKA/NEK2,"CCNB1, CDC20, AURKA, NEK2",Cellular Component
GO:0000779,"condensed chromosome, centromeric region",5,-0.730769231,-2.026538369,0.00518672199,0.00518672199,0.110034102,97,"tags=100%, list=28%, signal=73%",CCNB1/CDC20/AURKA/NEK2,"CCNB1, CDC20, AURKA, NEK2",Cellular Component
GO:0072686,mitotic spindle,5,-0.701183432,-1.944492281,0.00760719225,0.00760719225,0.145226213,107,"tags=100%, list=31%, signal=70%",CAPG/CDK1/AURKA/PRC1,"CAPG, CDK1, AURKA, PRC1",Cellular Component
GO:0043230,extracellular organelle,125,0.282043449,1.645830588,0.00895192114,0.00895192114,0.145226213,151,"tags=55%, list=44%, signal=49%",C3/EFEMP1/COL1A2/IGFBP7/HTRA1/TIMP1/FTL/SERPING1/FN1/CFI/FSTL1/KRT19/SFRP1/LGALS1/LUM/SEMA3C/PODXL/CDH11/CSTB/COL6A1/CFH/CLIC5/LAMA4/DSP/MYOF/SERPINE2/CTSB/AOX1/FAT1/BASP1/CPE/COL6A3/VCAM1/C1R/LYZ/CPVL/ANXA3/PTGS1/TGFBI/CDH1/MNDA/PXDN/A2M/C7/PTGDS/PLOD2/SFN/CFB/S100A6/RNASE1/S100A8/HLA-DRA/ACTA2/KRT8/ASS1/MGP/LGALS3BP/CD74/UPK1B/AEBP1/SERPINB9/PRSS23/CD14/CTSC/TACSTD2/OLFML3/KLK11/ALDH1A3/CXCL12,"C3, EFEMP1, COL1A2, IGFBP7, HTRA1, TIMP1, FTL, SERPING1, FN1, CFI, FSTL1, KRT19, SFRP1, LGALS1, LUM, SEMA3C, PODXL, CDH11, CSTB, COL6A1, CFH, CLIC5, LAMA4, DSP, MYOF, SERPINE2, CTSB, AOX1, FAT1, BASP1, CPE, COL6A3, VCAM1, C1R, LYZ, CPVL, ANXA3, PTGS1, TGFBI, CDH1, MNDA, PXDN, A2M, C7, PTGDS, PLOD2, SFN, CFB, S100A6, RNASE1, S100A8, HLA-DRA, ACTA2, KRT8, ASS1, MGP, LGALS3BP, CD74, UPK1B, AEBP1, SERPINB9, PRSS23, CD14, CTSC, TACSTD2, OLFML3, KLK11, ALDH1A3, CXCL12",Cellular Component
GO:0065010,extracellular membrane-bounded organelle,125,0.282043449,1.645830588,0.00895192114,0.00895192114,0.145226213,151,"tags=55%, list=44%, signal=49%",C3/EFEMP1/COL1A2/IGFBP7/HTRA1/TIMP1/FTL/SERPING1/FN1/CFI/FSTL1/KRT19/SFRP1/LGALS1/LUM/SEMA3C/PODXL/CDH11/CSTB/COL6A1/CFH/CLIC5/LAMA4/DSP/MYOF/SERPINE2/CTSB/AOX1/FAT1/BASP1/CPE/COL6A3/VCAM1/C1R/LYZ/CPVL/ANXA3/PTGS1/TGFBI/CDH1/MNDA/PXDN/A2M/C7/PTGDS/PLOD2/SFN/CFB/S100A6/RNASE1/S100A8/HLA-DRA/ACTA2/KRT8/ASS1/MGP/LGALS3BP/CD74/UPK1B/AEBP1/SERPINB9/PRSS23/CD14/CTSC/TACSTD2/OLFML3/KLK11/ALDH1A3/CXCL12,"C3, EFEMP1, COL1A2, IGFBP7, HTRA1, TIMP1, FTL, SERPING1, FN1, CFI, FSTL1, KRT19, SFRP1, LGALS1, LUM, SEMA3C, PODXL, CDH11, CSTB, COL6A1, CFH, CLIC5, LAMA4, DSP, MYOF, SERPINE2, CTSB, AOX1, FAT1, BASP1, CPE, COL6A3, VCAM1, C1R, LYZ, CPVL, ANXA3, PTGS1, TGFBI, CDH1, MNDA, PXDN, A2M, C7, PTGDS, PLOD2, SFN, CFB, S100A6, RNASE1, S100A8, HLA-DRA, ACTA2, KRT8, ASS1, MGP, LGALS3BP, CD74, UPK1B, AEBP1, SERPINB9, PRSS23, CD14, CTSC, TACSTD2, OLFML3, KLK11, ALDH1A3, CXCL12",Cellular Component
GO:1903561,extracellular vesicle,125,0.282043449,1.645830588,0.00895192114,0.00895192114,0.145226213,151,"tags=55%, list=44%, signal=49%",C3/EFEMP1/COL1A2/IGFBP7/HTRA1/TIMP1/FTL/SERPING1/FN1/CFI/FSTL1/KRT19/SFRP1/LGALS1/LUM/SEMA3C/PODXL/CDH11/CSTB/COL6A1/CFH/CLIC5/LAMA4/DSP/MYOF/SERPINE2/CTSB/AOX1/FAT1/BASP1/CPE/COL6A3/VCAM1/C1R/LYZ/CPVL/ANXA3/PTGS1/TGFBI/CDH1/MNDA/PXDN/A2M/C7/PTGDS/PLOD2/SFN/CFB/S100A6/RNASE1/S100A8/HLA-DRA/ACTA2/KRT8/ASS1/MGP/LGALS3BP/CD74/UPK1B/AEBP1/SERPINB9/PRSS23/CD14/CTSC/TACSTD2/OLFML3/KLK11/ALDH1A3/CXCL12,"C3, EFEMP1, COL1A2, IGFBP7, HTRA1, TIMP1, FTL, SERPING1, FN1, CFI, FSTL1, KRT19, SFRP1, LGALS1, LUM, SEMA3C, PODXL, CDH11, CSTB, COL6A1, CFH, CLIC5, LAMA4, DSP, MYOF, SERPINE2, CTSB, AOX1, FAT1, BASP1, CPE, COL6A3, VCAM1, C1R, LYZ, CPVL, ANXA3, PTGS1, TGFBI, CDH1, MNDA, PXDN, A2M, C7, PTGDS, PLOD2, SFN, CFB, S100A6, RNASE1, S100A8, HLA-DRA, ACTA2, KRT8, ASS1, MGP, LGALS3BP, CD74, UPK1B, AEBP1, SERPINB9, PRSS23, CD14, CTSC, TACSTD2, OLFML3, KLK11, ALDH1A3, CXCL12",Cellular Component
GO:0031982,vesicle,166,0.276923986,1.633800983,0.00974874372,0.00974874372,0.149366717,173,"tags=59%, list=50%, signal=57%",C3/EFEMP1/COL1A2/IGFBP7/HTRA1/HLA-DPA1/GJA1/TIMP1/FTL/SERPING1/FN1/CFI/FSTL1/SPARC/KRT19/CXADR/SFRP1/SRGN/LGALS1/LUM/RARRES2/RAB31/SEMA3C/PODXL/CDH11/CSTB/LAPTM4B/COL6A1/CFH/CLIC5/LAMA4/DSP/MYOF/SERPINE2/HLA-DPB1/CTSB/AOX1/GPNMB/FAT1/BASP1/CPE/NSG1/COL6A3/VCAM1/C1R/LYZ/CPVL/ANXA3/PTGS1/TGFBI/CDH1/MNDA/PXDN/CAV1/A2M/C7/PTGDS/PLOD2/SFN/CFB/DPYSL3/S100A6/RNASE1/S100A8/HLA-DRA/ACTA2/KRT8/CTSK/ASS1/MGP/LGALS3BP/CD74/UPK1B/AEBP1/CD163/SERPINB9/PRSS23/CD14/LAPTM5/CTSC/TACSTD2/THBS2/OLFML3/KLK11/ALDH1A3/CXCL12/CTSS/CST3/HSPA2/MARCO/HLA-DMA/GBP1/SORL1/LAMB1/SPP1/CFD/COL1A1/COL4A2,"C3, EFEMP1, COL1A2, IGFBP7, HTRA1, HLA-DPA1, GJA1, TIMP1, FTL, SERPING1, FN1, CFI, FSTL1, SPARC, KRT19, CXADR, SFRP1, SRGN, LGALS1, LUM, RARRES2, RAB31, SEMA3C, PODXL, CDH11, CSTB, LAPTM4B, COL6A1, CFH, CLIC5, LAMA4, DSP, MYOF, SERPINE2, HLA-DPB1, CTSB, AOX1, GPNMB, FAT1, BASP1, CPE, NSG1, COL6A3, VCAM1, C1R, LYZ, CPVL, ANXA3, PTGS1, TGFBI, CDH1, MNDA, PXDN, CAV1, A2M, C7, PTGDS, PLOD2, SFN, CFB, DPYSL3, S100A6, RNASE1, S100A8, HLA-DRA, ACTA2, KRT8, CTSK, ASS1, MGP, LGALS3BP, CD74, UPK1B, AEBP1, CD163, SERPINB9, PRSS23, CD14, LAPTM5, CTSC, TACSTD2, THBS2, OLFML3, KLK11, ALDH1A3, CXCL12, CTSS, CST3, HSPA2, MARCO, HLA-DMA, GBP1, SORL1, LAMB1, SPP1, CFD, COL1A1, COL4A2",Cellular Component
GO:0014704,intercalated disc,3,0.817647059,1.697077187,0.0115029514,0.0115029514,0.158619646,65,"tags=100%, list=19%, signal=82%",GJA1/CXADR/DSP,"GJA1, CXADR, DSP",Cellular Component
GO:0044291,cell-cell contact zone,3,0.817647059,1.697077187,0.0115029514,0.0115029514,0.158619646,65,"tags=100%, list=19%, signal=82%",GJA1/CXADR/DSP,"GJA1, CXADR, DSP",Cellular Component
GO:0070062,extracellular exosome,122,0.275997323,1.608067084,0.0128694953,0.0128694953,0.16901292,151,"tags=55%, list=44%, signal=48%",C3/EFEMP1/COL1A2/IGFBP7/HTRA1/TIMP1/FTL/SERPING1/FN1/CFI/FSTL1/KRT19/SFRP1/LGALS1/LUM/SEMA3C/PODXL/CDH11/CSTB/COL6A1/CFH/CLIC5/LAMA4/DSP/MYOF/CTSB/AOX1/FAT1/BASP1/CPE/COL6A3/VCAM1/C1R/LYZ/CPVL/ANXA3/PTGS1/TGFBI/CDH1/MNDA/PXDN/A2M/C7/PTGDS/PLOD2/SFN/CFB/S100A6/RNASE1/S100A8/HLA-DRA/ACTA2/KRT8/ASS1/MGP/LGALS3BP/CD74/UPK1B/AEBP1/SERPINB9/PRSS23/CD14/CTSC/TACSTD2/KLK11/ALDH1A3/CXCL12,"C3, EFEMP1, COL1A2, IGFBP7, HTRA1, TIMP1, FTL, SERPING1, FN1, CFI, FSTL1, KRT19, SFRP1, LGALS1, LUM, SEMA3C, PODXL, CDH11, CSTB, COL6A1, CFH, CLIC5, LAMA4, DSP, MYOF, CTSB, AOX1, FAT1, BASP1, CPE, COL6A3, VCAM1, C1R, LYZ, CPVL, ANXA3, PTGS1, TGFBI, CDH1, MNDA, PXDN, A2M, C7, PTGDS, PLOD2, SFN, CFB, S100A6, RNASE1, S100A8, HLA-DRA, ACTA2, KRT8, ASS1, MGP, LGALS3BP, CD74, UPK1B, AEBP1, SERPINB9, PRSS23, CD14, CTSC, TACSTD2, KLK11, ALDH1A3, CXCL12",Cellular Component
GO:1902494,catalytic complex,18,-0.345631908,-1.797672181,0.0137981118,0.0137981118,0.172971546,116,"tags=78%, list=34%, signal=54%",PLAU/COLEC11/PFKP/CKS2/CCND1/DNALI1/UBE2C/RRM2/CDK1/CCNB1/CDC20/CCNA1/PRAME/TOP2A,"PLAU, COLEC11, PFKP, CKS2, CCND1, DNALI1, UBE2C, RRM2, CDK1, CCNB1, CDC20, CCNA1, PRAME, TOP2A",Cellular Component
GO:0005775,vacuolar lumen,16,0.446112373,1.69073968,0.016678412,0.016678412,0.199988282,153,"tags=81%, list=45%, signal=47%",C3/DCN/FTL/LUM/LIPA/CTSB/NSG1/LYZ/MNDA/CTSK/CD74/CTSC/CTSS,"C3, DCN, FTL, LUM, LIPA, CTSB, NSG1, LYZ, MNDA, CTSK, CD74, CTSC, CTSS",Cellular Component
GO:0098802,plasma membrane signaling receptor complex,4,-0.737463127,-1.810102791,0.0188863562,0.0188863562,0.206217632,94,"tags=100%, list=27%, signal=73%",ERBB3/EMILIN1/HTR3A,"ERBB3, EMILIN1, HTR3A",Cellular Component
GO:0005819,spindle,11,-0.445725869,-1.836504269,0.0190285428,0.0190285428,0.206217632,58,"tags=73%, list=17%, signal=62%",CAPG/CDK1/CCNB1/CDC20/AURKA/PRC1/HMMR/NEK2,"CAPG, CDK1, CCNB1, CDC20, AURKA, PRC1, HMMR, NEK2",Cellular Component
GO:0000151,ubiquitin ligase complex,4,-0.734513274,-1.80286238,0.0201888636,0.0201888636,0.206217632,95,"tags=100%, list=28%, signal=73%",UBE2C/CDC20/PRAME,"UBE2C, CDC20, PRAME",Cellular Component
GO:0031461,cullin-RING ubiquitin ligase complex,4,-0.734513274,-1.80286238,0.0201888636,0.0201888636,0.206217632,95,"tags=100%, list=28%, signal=73%",UBE2C/CDC20/PRAME,"UBE2C, CDC20, PRAME",Cellular Component
GO:0005938,cell cortex,7,0.577909582,1.644943274,0.0262841895,0.0262841895,0.258889385,108,"tags=86%, list=31%, signal=60%",CALD1/KRT19/CLIC5/CDH1/CAV1/AKAP12,"CALD1, KRT19, CLIC5, CDH1, CAV1, AKAP12",Cellular Component
GO:0000793,condensed chromosome,7,-0.504062468,-1.642784606,0.0362694301,0.0362694301,0.342862795,97,"tags=71%, list=28%, signal=52%",CCNB1/CDC20/AURKA/TOP2A/NEK2,"CCNB1, CDC20, AURKA, TOP2A, NEK2",Cellular Component
GO:0015629,actin cytoskeleton,18,0.401053392,1.572552766,0.0381449275,0.0381449275,0.342862795,165,"tags=78%, list=48%, signal=43%",CALD1/TPM1/KRT19/PALLD/PLS3/CLIC5/TPM2/VCAM1/CDH1/DPYSL3/ACTA2/MYLK/TMOD1/GBP1,"CALD1, TPM1, KRT19, PALLD, PLS3, CLIC5, TPM2, VCAM1, CDH1, DPYSL3, ACTA2, MYLK, TMOD1, GBP1",Cellular Component
GO:0043227,membrane-bounded organelle,266,0.277716159,1.53049765,0.0385393486,0.0385393486,0.342862795,181,"tags=56%, list=53%, signal=120%",C3/DCN/EFEMP1/COL1A2/IGFBP7/COL3A1/HTRA1/HLA-DPA1/GJA1/TIMP1/FTL/SERPING1/FN1/MT2A/CFI/FSTL1/ABCA8/SPARCL1/SPARC/NFIB/KRT19/PALLD/CXADR/SFRP1/SULF1/SRGN/PTGIS/LGALS1/SGK1/PDGFRA/CETN2/LUM/RARRES2/RAB31/SEMA3C/FHL2/IGFBP5/TPBG/PODXL/CDH11/CSTB/NR3C1/MEIS2/TCEAL2/LAPTM4B/COL6A1/CFH/CLIC5/LIPA/LAMA4/DSP/SOX4/RGS4/MYOF/SERPINE2/HLA-DPB1/CTSB/FKBP11/UQCRFS1/AOX1/GPNMB/CHRDL1/FAT1/BASP1/CPE/NSG1/COL6A3/VCAM1/AQP9/C1R/FBN1/LYZ/CPVL/ANXA3/PTGS1/TGFBI/CDH1/MNDA/PXDN/CAV1/A2M/CALB2/ADH1B/C7/ESR1/PTGDS/PLOD2/SFN/CFB/DPYSL3/S100A6/RNASE1/S100A8/HLA-DRA/BEX1/ACTA2/KRT8/CTSK/ASS1/MGP/RGS2/LGALS3BP/BHLHE41/MX1/CD74/UPK1B/AEBP1/CD163/SERPINB9/PRSS23/RBP1/NR2F1/SPON1/CD14/LAPTM5/EMX2/CTSC/TACSTD2/THBS2/OLFML3/RGS5/KLK11/ALDH1A3/COL11A1/CXCL12/FILIP1L/CTSS/DHCR24/CST3/ACSL1/HSPA2/MARCO/HLA-DMA/COL5A2/GBP1/PTGER3/MSLN/SORL1/LAMB1/SPP1/CFD/COL1A1/COL4A2/JUN/TSPAN8/CSRP2/SQLE/EPCAM/TMEM100/ALDH1A1,"C3, DCN, EFEMP1, COL1A2, IGFBP7, COL3A1, HTRA1, HLA-DPA1, GJA1, TIMP1, FTL, SERPING1, FN1, MT2A, CFI, FSTL1, ABCA8, SPARCL1, SPARC, NFIB, KRT19, PALLD, CXADR, SFRP1, SULF1, SRGN, PTGIS, LGALS1, SGK1, PDGFRA, CETN2, LUM, RARRES2, RAB31, SEMA3C, FHL2, IGFBP5, TPBG, PODXL, CDH11, CSTB, NR3C1, MEIS2, TCEAL2, LAPTM4B, COL6A1, CFH, CLIC5, LIPA, LAMA4, DSP, SOX4, RGS4, MYOF, SERPINE2, HLA-DPB1, CTSB, FKBP11, UQCRFS1, AOX1, GPNMB, CHRDL1, FAT1, BASP1, CPE, NSG1, COL6A3, VCAM1, AQP9, C1R, FBN1, LYZ, CPVL, ANXA3, PTGS1, TGFBI, CDH1, MNDA, PXDN, CAV1, A2M, CALB2, ADH1B, C7, ESR1, PTGDS, PLOD2, SFN, CFB, DPYSL3, S100A6, RNASE1, S100A8, HLA-DRA, BEX1, ACTA2, KRT8, CTSK, ASS1, MGP, RGS2, LGALS3BP, BHLHE41, MX1, CD74, UPK1B, AEBP1, CD163, SERPINB9, PRSS23, RBP1, NR2F1, SPON1, CD14, LAPTM5, EMX2, CTSC, TACSTD2, THBS2, OLFML3, RGS5, KLK11, ALDH1A3, COL11A1, CXCL12, FILIP1L, CTSS, DHCR24, CST3, ACSL1, HSPA2, MARCO, HLA-DMA, COL5A2, GBP1, PTGER3, MSLN, SORL1, LAMB1, SPP1, CFD, COL1A1, COL4A2, JUN, TSPAN8, CSRP2, SQLE, EPCAM, TMEM100, ALDH1A1",Cellular Component
GO:0012505,endomembrane system,154,0.24816625,1.463545475,0.0408839779,0.0408839779,0.352355336,173,"tags=58%, list=50%, signal=52%",C3/DCN/COL1A2/IGFBP7/COL3A1/HLA-DPA1/GJA1/TIMP1/FTL/SERPING1/FN1/FSTL1/ABCA8/SPARCL1/SPARC/CXADR/SULF1/SRGN/PTGIS/LGALS1/SGK1/PDGFRA/CETN2/LUM/RARRES2/RAB31/IGFBP5/TPBG/CSTB/LAPTM4B/COL6A1/CLIC5/DSP/MYOF/SERPINE2/HLA-DPB1/CTSB/FKBP11/GPNMB/CHRDL1/CPE/NSG1/COL6A3/VCAM1/FBN1/LYZ/ANXA3/PTGS1/TGFBI/CDH1/MNDA/PXDN/CAV1/A2M/ESR1/PTGDS/PLOD2/DPYSL3/S100A6/S100A8/HLA-DRA/CTSK/LGALS3BP/MX1/CD74/SERPINB9/PRSS23/SPON1/CD14/LAPTM5/CTSC/THBS2/KLK11/COL11A1/CTSS/DHCR24/CST3/ACSL1/HLA-DMA/COL5A2/GBP1/PTGER3/MSLN/SORL1/LAMB1/SPP1/CFD/COL1A1/COL4A2,"C3, DCN, COL1A2, IGFBP7, COL3A1, HLA-DPA1, GJA1, TIMP1, FTL, SERPING1, FN1, FSTL1, ABCA8, SPARCL1, SPARC, CXADR, SULF1, SRGN, PTGIS, LGALS1, SGK1, PDGFRA, CETN2, LUM, RARRES2, RAB31, IGFBP5, TPBG, CSTB, LAPTM4B, COL6A1, CLIC5, DSP, MYOF, SERPINE2, HLA-DPB1, CTSB, FKBP11, GPNMB, CHRDL1, CPE, NSG1, COL6A3, VCAM1, FBN1, LYZ, ANXA3, PTGS1, TGFBI, CDH1, MNDA, PXDN, CAV1, A2M, ESR1, PTGDS, PLOD2, DPYSL3, S100A6, S100A8, HLA-DRA, CTSK, LGALS3BP, MX1, CD74, SERPINB9, PRSS23, SPON1, CD14, LAPTM5, CTSC, THBS2, KLK11, COL11A1, CTSS, DHCR24, CST3, ACSL1, HLA-DMA, COL5A2, GBP1, PTGER3, MSLN, SORL1, LAMB1, SPP1, CFD, COL1A1, COL4A2",Cellular Component
GO:0030027,lamellipodium,9,0.500191077,1.560492968,0.0490069641,0.0490069641,0.385294118,132,"tags=78%, list=38%, signal=49%",PALLD/PODXL/FAT1/CDH1/DPYSL3/ACTA2/MYLK,"PALLD, PODXL, FAT1, CDH1, DPYSL3, ACTA2, MYLK",Cellular Component
GO:0030864,cortical actin cytoskeleton,3,0.723529412,1.501730173,0.0490388981,0.0490388981,0.385294118,97,"tags=100%, list=28%, signal=72%",CALD1/KRT19/CDH1,"CALD1, KRT19, CDH1",Cellular Component
GO:0005788,endoplasmic reticulum lumen,37,0.317785164,1.526406279,0.0497196657,0.0497196657,0.385294118,173,"tags=70%, list=50%, signal=39%",C3/COL1A2/IGFBP7/COL3A1/TIMP1/SERPING1/FN1/FSTL1/SPARCL1/LGALS1/IGFBP5/COL6A1/CHRDL1/COL6A3/FBN1/PRSS23/SPON1/CTSC/COL11A1/CST3/COL5A2/MSLN/LAMB1/SPP1/COL1A1/COL4A2,"C3, COL1A2, IGFBP7, COL3A1, TIMP1, SERPING1, FN1, FSTL1, SPARCL1, LGALS1, IGFBP5, COL6A1, CHRDL1, COL6A3, FBN1, PRSS23, SPON1, CTSC, COL11A1, CST3, COL5A2, MSLN, LAMB1, SPP1, COL1A1, COL4A2",Cellular Component
GO:0016538,cyclin-dependent protein serine/threonine kinase regulator activity,5,-0.736686391,-2.049104179,0.00208913649,0.00208913649,0.335762234,95,"tags=100%, list=28%, signal=73%",CCND1/CCNB1/CDKN2A/CCNA1,"CCND1, CCNB1, CDKN2A, CCNA1",Molecular Function
GO:0070851,growth factor receptor binding,3,0.879411765,1.828194807,0.00318230035,0.00318230035,0.335762234,44,"tags=100%, list=13%, signal=88%",EFEMP1/PDGFRA/IL1R1,"EFEMP1, PDGFRA, IL1R1",Molecular Function
GO:0019838,growth factor binding,18,0.49665007,1.95049838,0.00357060585,0.00357060585,0.335762234,102,"tags=67%, list=30%, signal=49%",COL1A2/IGFBP7/COL3A1/HTRA1/PDGFRA/IL1R1/IGFBP5/COL6A1/IGFBP6/CHRDL1/PXDN/A2M,"COL1A2, IGFBP7, COL3A1, HTRA1, PDGFRA, IL1R1, IGFBP5, COL6A1, IGFBP6, CHRDL1, PXDN, A2M",Molecular Function
GO:0000287,magnesium ion binding,3,-0.858823529,-1.837791037,0.00907759883,0.00907759883,0.515260755,52,"tags=100%, list=15%, signal=86%",EYA2/TOP2A,"EYA2, TOP2A",Molecular Function
GO:0005200,structural constituent of cytoskeleton,3,0.817647059,1.699793165,0.0103045916,0.0103045916,0.515260755,65,"tags=100%, list=19%, signal=82%",TPM1/KRT19/DSP,"TPM1, KRT19, DSP",Molecular Function
GO:0019209,kinase activator activity,7,-0.530308229,-1.740813665,0.0173433189,0.0173433189,0.515260755,100,"tags=88%, list=29%, signal=63%",CD24/CKS2/CCND1/CCL5/ERBB3/CCNB1/CD24,"CD24, CKS2, CCND1, CCL5, ERBB3, CCNB1",Molecular Function
GO:0030295,protein kinase activator activity,7,-0.530308229,-1.740813665,0.0173433189,0.0173433189,0.515260755,100,"tags=88%, list=29%, signal=63%",CD24/CKS2/CCND1/CCL5/ERBB3/CCNB1/CD24,"CD24, CKS2, CCND1, CCL5, ERBB3, CCNB1",Molecular Function
GO:0042578,phosphoric ester hydrolase activity,4,-0.731563422,-1.806984998,0.018018018,0.018018018,0.515260755,96,"tags=100%, list=28%, signal=73%",ENPP2/CCL5/EYA2,"ENPP2, CCL5, EYA2",Molecular Function
GO:0008013,beta-catenin binding,4,0.699115044,1.621988898,0.0250688306,0.0250688306,0.515260755,106,"tags=100%, list=31%, signal=70%",GJA1/CXADR/CDH1/ESR1,"GJA1, CXADR, CDH1, ESR1",Molecular Function
GO:0004222,metalloendopeptidase activity,3,-0.788235294,-1.686739719,0.0295754026,0.0295754026,0.515260755,76,"tags=100%, list=22%, signal=79%",KLK7/MMP7,"KLK7, MMP7",Molecular Function
GO:0140993,histone modifying activity,4,-0.687315634,-1.697691551,0.0305662806,0.0305662806,0.515260755,111,"tags=100%, list=32%, signal=68%",EYA2/CDK1/AURKA,"EYA2, CDK1, AURKA",Molecular Function
GO:0042802,identical protein binding,66,0.285167234,1.534584584,0.0327584447,0.0327584447,0.515260755,129,"tags=49%, list=38%, signal=38%",C1S/COL1A2/TPD52L1/SAT1/TPM1/HTRA1/FTL/FN1/SFRP1/PDGFRA/FHL2/NR3C1/MET/CFH/IGFBP6/AOX1/TPM2/C1R/FBN1/LYZ/TGFBI/CDH1/CAV1/A2M/ESR1/SFN/DPYSL3/S100A6/CADM1/ASS1/BHLHE41/MX1/CD74,"C1S, COL1A2, TPD52L1, SAT1, TPM1, HTRA1, FTL, FN1, SFRP1, PDGFRA, FHL2, NR3C1, MET, CFH, IGFBP6, AOX1, TPM2, C1R, FBN1, LYZ, TGFBI, CDH1, CAV1, A2M, ESR1, SFN, DPYSL3, S100A6, CADM1, ASS1, BHLHE41, MX1, CD74",Molecular Function
GO:0031406,carboxylic acid binding,16,-0.324159021,-1.618176401,0.0348292029,0.0348292029,0.515260755,238,"tags=100%, list=69%, signal=32%",PLOD2/S100A8/ASS1/RBP1/COL11A1/APOC1/TYMS/S100A9/AKR1C3/CRABP2/SERPINA5/FABP4/PCK1/FOLR1/TDO2,"PLOD2, S100A8, ASS1, RBP1, COL11A1, APOC1, TYMS, S100A9, AKR1C3, CRABP2, SERPINA5, FABP4, PCK1, FOLR1, TDO2",Molecular Function
GO:0043177,organic acid binding,16,-0.324159021,-1.618176401,0.0348292029,0.0348292029,0.515260755,238,"tags=100%, list=69%, signal=32%",PLOD2/S100A8/ASS1/RBP1/COL11A1/APOC1/TYMS/S100A9/AKR1C3/CRABP2/SERPINA5/FABP4/PCK1/FOLR1/TDO2,"PLOD2, S100A8, ASS1, RBP1, COL11A1, APOC1, TYMS, S100A9, AKR1C3, CRABP2, SERPINA5, FABP4, PCK1, FOLR1, TDO2",Molecular Function
GO:0005509,calcium ion binding,37,0.324317606,1.548944763,0.0388535032,0.0388535032,0.515260755,124,"tags=54%, list=36%, signal=39%",EFEMP1/C1S/FSTL1/SPARCL1/SPARC/HEG1/SULF1/CETN2/PLS3/CDH11/MYOF/FAT1/C1R/FBN1/ANXA3/CDH1/CALB2/S100A6/S100A8/MGP,"EFEMP1, C1S, FSTL1, SPARCL1, SPARC, HEG1, SULF1, CETN2, PLS3, CDH11, MYOF, FAT1, C1R, FBN1, ANXA3, CDH1, CALB2, S100A6, S100A8, MGP",Molecular Function
GO:0004713,protein tyrosine kinase activity,4,0.666130246,1.545462185,0.0421678018,0.0421678018,0.515260755,57,"tags=75%, list=17%, signal=63%",EFEMP1/PDGFRA/MET,"EFEMP1, PDGFRA, MET",Molecular Function
GO:0004714,transmembrane receptor protein tyrosine kinase activity,4,0.666130246,1.545462185,0.0421678018,0.0421678018,0.515260755,57,"tags=75%, list=17%, signal=63%",EFEMP1/PDGFRA/MET,"EFEMP1, PDGFRA, MET",Molecular Function
GO:0015248,sterol transporter activity,3,-0.761764706,-1.630095475,0.0439238653,0.0439238653,0.515260755,85,"tags=100%, list=25%, signal=76%",APOE/APOA1,"APOE, APOA1",Molecular Function
GO:0120013,lipid transfer activity,3,-0.761764706,-1.630095475,0.0439238653,0.0439238653,0.515260755,85,"tags=100%, list=25%, signal=76%",APOE/APOA1,"APOE, APOA1",Molecular Function
GO:0120015,sterol transfer activity,3,-0.761764706,-1.630095475,0.0439238653,0.0439238653,0.515260755,85,"tags=100%, list=25%, signal=76%",APOE/APOA1,"APOE, APOA1",Molecular Function
GO:0120020,cholesterol transfer activity,3,-0.761764706,-1.630095475,0.0439238653,0.0439238653,0.515260755,85,"tags=100%, list=25%, signal=76%",APOE/APOA1,"APOE, APOA1",Molecular Function
